ISO3,Location,DataId,Indicator,Value,Precision,DHS_CountryCode,CountryName,SurveyYear,SurveyId,IndicatorId,IndicatorOrder,IndicatorType,CharacteristicId,CharacteristicOrder,CharacteristicCategory,CharacteristicLabel,ByVariableId,ByVariableLabel,IsTotal,IsPreferred,SDRID,RegionId,SurveyYearLabel,SurveyType,DenominatorWeighted,DenominatorUnweighted,CILow,CIHigh,LevelRank
#country+code,#loc+name,#meta+id,#indicator+name,#indicator+value+num,#indicator+precision,,#country+name,#date+year,#survey+id,#indicator+code,,,,,,,#indicator+label+code,#indicator+label,,,,,,,,,,,
GHA,Western (pre 2022),7757730,Children ever breastfed,98,1,GH,Ghana,1988,GH1988DHS,CN_BRFI_C_EVR,104266010,I,408001,1408010,Region,Western (pre 2022),0,,0,1,CNBRFICEVR,GHDHS1988408001,1988,DHS,150,150,,,1
GHA,Central,1736829,Children ever breastfed,96.7,1,GH,Ghana,1988,GH1988DHS,CN_BRFI_C_EVR,104266010,I,408002,1408020,Region,Central,0,,0,1,CNBRFICEVR,GHDHS1988408002,1988,DHS,181,181,,,1
GHA,Greater Accra,6385612,Children ever breastfed,95.9,1,GH,Ghana,1988,GH1988DHS,CN_BRFI_C_EVR,104266010,I,408003,1408030,Region,Greater Accra,0,,0,1,CNBRFICEVR,GHDHS1988408003,1988,DHS,146,146,,,1
GHA,Volta (pre 2022),7656833,Children ever breastfed,98,1,GH,Ghana,1988,GH1988DHS,CN_BRFI_C_EVR,104266010,I,408004,1408040,Region,Volta (pre 2022),0,,0,1,CNBRFICEVR,GHDHS1988408004,1988,DHS,197,197,,,1
GHA,Eastern,815901,Children ever breastfed,98.4,1,GH,Ghana,1988,GH1988DHS,CN_BRFI_C_EVR,104266010,I,408005,1408050,Region,Eastern,0,,0,1,CNBRFICEVR,GHDHS1988408005,1988,DHS,247,247,,,1
GHA,Ashanti,51485,Children ever breastfed,97.1,1,GH,Ghana,1988,GH1988DHS,CN_BRFI_C_EVR,104266010,I,408006,1408060,Region,Ashanti,0,,0,1,CNBRFICEVR,GHDHS1988408006,1988,DHS,276,276,,,1
GHA,Brong-Ahafo,815924,Children ever breastfed,99.1,1,GH,Ghana,1988,GH1988DHS,CN_BRFI_C_EVR,104266010,I,408007,1408070,Region,Brong-Ahafo,0,,0,1,CNBRFICEVR,GHDHS1988408007,1988,DHS,222,222,,,1
GHA,"Northern, Upper West, Upper East",6989487,Children ever breastfed,98,1,GH,Ghana,1988,GH1988DHS,CN_BRFI_C_EVR,104266010,I,408008,1408080,Region,"Northern, Upper West, Upper East",0,,0,1,CNBRFICEVR,GHDHS1988408008,1988,DHS,204,204,,,1
GHA,Western (pre 2022),807730,Median duration of any breastfeeding,20.3,1,GH,Ghana,1988,GH1988DHS,CN_BFDR_C_MDA,104336010,I,408001,1408010,Region,Western (pre 2022),0,,0,1,CNBFDRCMDA,GHDHS1988408001,1988,DHS,,,,,1
GHA,Central,2520629,Median duration of any breastfeeding,21.1,1,GH,Ghana,1988,GH1988DHS,CN_BFDR_C_MDA,104336010,I,408002,1408020,Region,Central,0,,0,1,CNBFDRCMDA,GHDHS1988408002,1988,DHS,,,,,1
GHA,Greater Accra,807701,Median duration of any breastfeeding,16.5,1,GH,Ghana,1988,GH1988DHS,CN_BFDR_C_MDA,104336010,I,408003,1408030,Region,Greater Accra,0,,0,1,CNBFDRCMDA,GHDHS1988408003,1988,DHS,,,,,1
GHA,Volta (pre 2022),815895,Median duration of any breastfeeding,22.5,1,GH,Ghana,1988,GH1988DHS,CN_BFDR_C_MDA,104336010,I,408004,1408040,Region,Volta (pre 2022),0,,0,1,CNBFDRCMDA,GHDHS1988408004,1988,DHS,,,,,1
GHA,Eastern,815890,Median duration of any breastfeeding,20.8,1,GH,Ghana,1988,GH1988DHS,CN_BFDR_C_MDA,104336010,I,408005,1408050,Region,Eastern,0,,0,1,CNBFDRCMDA,GHDHS1988408005,1988,DHS,,,,,1
GHA,Ashanti,815916,Median duration of any breastfeeding,20.8,1,GH,Ghana,1988,GH1988DHS,CN_BFDR_C_MDA,104336010,I,408006,1408060,Region,Ashanti,0,,0,1,CNBFDRCMDA,GHDHS1988408006,1988,DHS,,,,,1
GHA,Brong-Ahafo,815964,Median duration of any breastfeeding,21.3,1,GH,Ghana,1988,GH1988DHS,CN_BFDR_C_MDA,104336010,I,408007,1408070,Region,Brong-Ahafo,0,,0,1,CNBFDRCMDA,GHDHS1988408007,1988,DHS,,,,,1
GHA,"Northern, Upper West, Upper East",807734,Median duration of any breastfeeding,28.3,1,GH,Ghana,1988,GH1988DHS,CN_BFDR_C_MDA,104336010,I,408008,1408080,Region,"Northern, Upper West, Upper East",0,,0,1,CNBFDRCMDA,GHDHS1988408008,1988,DHS,,,,,1
GHA,Western (pre 2022),5453744,Children ever breastfed,97.6,1,GH,Ghana,1993,GH1993DHS,CN_BRFI_C_EVR,104266010,I,408001,1408010,Region,Western (pre 2022),0,,0,1,CNBRFICEVR,GHDHS1993408001,1993,DHS,125,125,,,1
GHA,Central,815913,Children ever breastfed,98,1,GH,Ghana,1993,GH1993DHS,CN_BRFI_C_EVR,104266010,I,408002,1408020,Region,Central,0,,0,1,CNBRFICEVR,GHDHS1993408002,1993,DHS,150,150,,,1
GHA,Greater Accra,6937885,Children ever breastfed,96.4,1,GH,Ghana,1993,GH1993DHS,CN_BRFI_C_EVR,104266010,I,408003,1408030,Region,Greater Accra,0,,0,1,CNBRFICEVR,GHDHS1993408003,1993,DHS,139,139,,,1
GHA,Volta (pre 2022),823328,Children ever breastfed,98.7,1,GH,Ghana,1993,GH1993DHS,CN_BRFI_C_EVR,104266010,I,408004,1408040,Region,Volta (pre 2022),0,,0,1,CNBRFICEVR,GHDHS1993408004,1993,DHS,156,156,,,1
GHA,Eastern,4322053,Children ever breastfed,97.1,1,GH,Ghana,1993,GH1993DHS,CN_BRFI_C_EVR,104266010,I,408005,1408050,Region,Eastern,0,,0,1,CNBRFICEVR,GHDHS1993408005,1993,DHS,138,138,,,1
GHA,Ashanti,3685792,Children ever breastfed,98.1,1,GH,Ghana,1993,GH1993DHS,CN_BRFI_C_EVR,104266010,I,408006,1408060,Region,Ashanti,0,,0,1,CNBRFICEVR,GHDHS1993408006,1993,DHS,265,265,,,1
GHA,Brong-Ahafo,6459152,Children ever breastfed,97,1,GH,Ghana,1993,GH1993DHS,CN_BRFI_C_EVR,104266010,I,408007,1408070,Region,Brong-Ahafo,0,,0,1,CNBRFICEVR,GHDHS1993408007,1993,DHS,133,133,,,1
GHA,"Northern, Upper West, Upper East",2270815,Children ever breastfed,97.2,1,GH,Ghana,1993,GH1993DHS,CN_BRFI_C_EVR,104266010,I,408008,1408080,Region,"Northern, Upper West, Upper East",0,,0,1,CNBRFICEVR,GHDHS1993408008,1993,DHS,324,324,,,
GHA,Northern (pre 2022),4958670,Children ever breastfed,95.8,1,GH,Ghana,1993,GH1993DHS,CN_BRFI_C_EVR,104266010,I,408009,1408090,Region,..Northern (pre 2022),0,,0,1,CNBRFICEVR,GHDHS1993408009,1993,DHS,168,168,,,1
GHA,Upper West,7228221,Children ever breastfed,100,1,GH,Ghana,1993,GH1993DHS,CN_BRFI_C_EVR,104266010,I,408010,1408100,Region,..Upper West,0,,0,1,CNBRFICEVR,GHDHS1993408010,1993,DHS,50,50,,,1
GHA,Upper East,2221529,Children ever breastfed,98.1,1,GH,Ghana,1993,GH1993DHS,CN_BRFI_C_EVR,104266010,I,408011,1408110,Region,..Upper East,0,,0,1,CNBRFICEVR,GHDHS1993408011,1993,DHS,106,106,,,1
GHA,Western (pre 2022),815955,Median duration of any breastfeeding,20.3,1,GH,Ghana,1993,GH1993DHS,CN_BFDR_C_MDA,104336010,I,408001,1408010,Region,Western (pre 2022),0,,0,1,CNBFDRCMDA,GHDHS1993408001,1993,DHS,,,,,1
GHA,Central,816005,Median duration of any breastfeeding,20.5,1,GH,Ghana,1993,GH1993DHS,CN_BFDR_C_MDA,104336010,I,408002,1408020,Region,Central,0,,0,1,CNBFDRCMDA,GHDHS1993408002,1993,DHS,,,,,1
GHA,Greater Accra,823348,Median duration of any breastfeeding,15.8,1,GH,Ghana,1993,GH1993DHS,CN_BFDR_C_MDA,104336010,I,408003,1408030,Region,Greater Accra,0,,0,1,CNBFDRCMDA,GHDHS1993408003,1993,DHS,,,,,1
GHA,Volta (pre 2022),823376,Median duration of any breastfeeding,21.8,1,GH,Ghana,1993,GH1993DHS,CN_BFDR_C_MDA,104336010,I,408004,1408040,Region,Volta (pre 2022),0,,0,1,CNBFDRCMDA,GHDHS1993408004,1993,DHS,,,,,1
GHA,Eastern,823357,Median duration of any breastfeeding,18.7,1,GH,Ghana,1993,GH1993DHS,CN_BFDR_C_MDA,104336010,I,408005,1408050,Region,Eastern,0,,0,1,CNBFDRCMDA,GHDHS1993408005,1993,DHS,,,,,1
GHA,Ashanti,2520621,Median duration of any breastfeeding,21.3,1,GH,Ghana,1993,GH1993DHS,CN_BFDR_C_MDA,104336010,I,408006,1408060,Region,Ashanti,0,,0,1,CNBFDRCMDA,GHDHS1993408006,1993,DHS,,,,,1
GHA,Brong-Ahafo,2520627,Median duration of any breastfeeding,22.8,1,GH,Ghana,1993,GH1993DHS,CN_BFDR_C_MDA,104336010,I,408007,1408070,Region,Brong-Ahafo,0,,0,1,CNBFDRCMDA,GHDHS1993408007,1993,DHS,,,,,1
GHA,"Northern, Upper West, Upper East",807753,Median duration of any breastfeeding,26.8,1,GH,Ghana,1993,GH1993DHS,CN_BFDR_C_MDA,104336010,I,408008,1408080,Region,"Northern, Upper West, Upper East",0,,0,1,CNBFDRCMDA,GHDHS1993408008,1993,DHS,,,,,
GHA,Northern (pre 2022),823360,Median duration of any breastfeeding,23.3,1,GH,Ghana,1993,GH1993DHS,CN_BFDR_C_MDA,104336010,I,408009,1408090,Region,..Northern (pre 2022),0,,0,1,CNBFDRCMDA,GHDHS1993408009,1993,DHS,,,,,1
GHA,Upper West,823359,Median duration of any breastfeeding,29.7,1,GH,Ghana,1993,GH1993DHS,CN_BFDR_C_MDA,104336010,I,408010,1408100,Region,..Upper West,0,,0,1,CNBFDRCMDA,GHDHS1993408010,1993,DHS,,,,,1
GHA,Upper East,823377,Median duration of any breastfeeding,28.8,1,GH,Ghana,1993,GH1993DHS,CN_BFDR_C_MDA,104336010,I,408011,1408110,Region,..Upper East,0,,0,1,CNBFDRCMDA,GHDHS1993408011,1993,DHS,,,,,1
GHA,Western (pre 2022),5112650,Children ever breastfed,99.4,1,GH,Ghana,1998,GH1998DHS,CN_BRFI_C_EVR,104266010,I,408001,1408010,Region,Western (pre 2022),0,,0,1,CNBRFICEVR,GHDHS1998408001,1998,DHS,178,156,,,1
GHA,Central,160225,Children ever breastfed,95.8,1,GH,Ghana,1998,GH1998DHS,CN_BRFI_C_EVR,104266010,I,408002,1408020,Region,Central,0,,0,1,CNBRFICEVR,GHDHS1998408002,1998,DHS,148,120,,,1
GHA,Greater Accra,6668210,Children ever breastfed,96.6,1,GH,Ghana,1998,GH1998DHS,CN_BRFI_C_EVR,104266010,I,408003,1408030,Region,Greater Accra,0,,0,1,CNBRFICEVR,GHDHS1998408003,1998,DHS,138,118,,,1
GHA,Volta (pre 2022),2520666,Children ever breastfed,98.2,1,GH,Ghana,1998,GH1998DHS,CN_BRFI_C_EVR,104266010,I,408004,1408040,Region,Volta (pre 2022),0,,0,1,CNBRFICEVR,GHDHS1998408004,1998,DHS,134,111,,,1
GHA,Eastern,1841936,Children ever breastfed,96.6,1,GH,Ghana,1998,GH1998DHS,CN_BRFI_C_EVR,104266010,I,408005,1408050,Region,Eastern,0,,0,1,CNBRFICEVR,GHDHS1998408005,1998,DHS,169,146,,,1
GHA,Ashanti,6944375,Children ever breastfed,97.8,1,GH,Ghana,1998,GH1998DHS,CN_BRFI_C_EVR,104266010,I,408006,1408060,Region,Ashanti,0,,0,1,CNBRFICEVR,GHDHS1998408006,1998,DHS,212,185,,,1
GHA,Brong-Ahafo,815992,Children ever breastfed,98.9,1,GH,Ghana,1998,GH1998DHS,CN_BRFI_C_EVR,104266010,I,408007,1408070,Region,Brong-Ahafo,0,,0,1,CNBRFICEVR,GHDHS1998408007,1998,DHS,101,87,,,1
GHA,"Northern, Upper West, Upper East",3875981,Children ever breastfed,98.5,1,GH,Ghana,1998,GH1998DHS,CN_BRFI_C_EVR,104266010,I,408008,1408080,Region,"Northern, Upper West, Upper East",0,,0,1,CNBRFICEVR,GHDHS1998408008,1998,DHS,203,395,,,
GHA,Northern (pre 2022),1448787,Children ever breastfed,99.2,1,GH,Ghana,1998,GH1998DHS,CN_BRFI_C_EVR,104266010,I,408009,1408090,Region,..Northern (pre 2022),0,,0,1,CNBRFICEVR,GHDHS1998408009,1998,DHS,83,125,,,1
GHA,Upper West,7615207,Children ever breastfed,96.5,1,GH,Ghana,1998,GH1998DHS,CN_BRFI_C_EVR,104266010,I,408010,1408100,Region,..Upper West,0,,0,1,CNBRFICEVR,GHDHS1998408010,1998,DHS,39,114,,,1
GHA,Upper East,807774,Children ever breastfed,98.7,1,GH,Ghana,1998,GH1998DHS,CN_BRFI_C_EVR,104266010,I,408011,1408110,Region,..Upper East,0,,0,1,CNBRFICEVR,GHDHS1998408011,1998,DHS,81,156,,,1
GHA,Western (pre 2022),5112649,Children who started breastfeeding within 1 hour of birth,23.1,1,GH,Ghana,1998,GH1998DHS,CN_BRFI_C_1HR,104266020,I,408001,1408010,Region,Western (pre 2022),0,,0,1,CNBRFIC1HR,GHDHS1998408001,1998,DHS,178,156,,,1
GHA,Central,160189,Children who started breastfeeding within 1 hour of birth,23.3,1,GH,Ghana,1998,GH1998DHS,CN_BRFI_C_1HR,104266020,I,408002,1408020,Region,Central,0,,0,1,CNBRFIC1HR,GHDHS1998408002,1998,DHS,148,120,,,1
GHA,Greater Accra,6668211,Children who started breastfeeding within 1 hour of birth,45.7,1,GH,Ghana,1998,GH1998DHS,CN_BRFI_C_1HR,104266020,I,408003,1408030,Region,Greater Accra,0,,0,1,CNBRFIC1HR,GHDHS1998408003,1998,DHS,138,118,,,1
GHA,Volta (pre 2022),2520654,Children who started breastfeeding within 1 hour of birth,18.5,1,GH,Ghana,1998,GH1998DHS,CN_BRFI_C_1HR,104266020,I,408004,1408040,Region,Volta (pre 2022),0,,0,1,CNBRFIC1HR,GHDHS1998408004,1998,DHS,134,111,,,1
GHA,Eastern,1841935,Children who started breastfeeding within 1 hour of birth,23.3,1,GH,Ghana,1998,GH1998DHS,CN_BRFI_C_1HR,104266020,I,408005,1408050,Region,Eastern,0,,0,1,CNBRFIC1HR,GHDHS1998408005,1998,DHS,169,146,,,1
GHA,Ashanti,6944381,Children who started breastfeeding within 1 hour of birth,33.2,1,GH,Ghana,1998,GH1998DHS,CN_BRFI_C_1HR,104266020,I,408006,1408060,Region,Ashanti,0,,0,1,CNBRFIC1HR,GHDHS1998408006,1998,DHS,212,185,,,1
GHA,Brong-Ahafo,815993,Children who started breastfeeding within 1 hour of birth,10.5,1,GH,Ghana,1998,GH1998DHS,CN_BRFI_C_1HR,104266020,I,408007,1408070,Region,Brong-Ahafo,0,,0,1,CNBRFIC1HR,GHDHS1998408007,1998,DHS,101,87,,,1
GHA,"Northern, Upper West, Upper East",3875982,Children who started breastfeeding within 1 hour of birth,20.2,1,GH,Ghana,1998,GH1998DHS,CN_BRFI_C_1HR,104266020,I,408008,1408080,Region,"Northern, Upper West, Upper East",0,,0,1,CNBRFIC1HR,GHDHS1998408008,1998,DHS,203,395,,,
GHA,Northern (pre 2022),1448808,Children who started breastfeeding within 1 hour of birth,30.3,1,GH,Ghana,1998,GH1998DHS,CN_BRFI_C_1HR,104266020,I,408009,1408090,Region,..Northern (pre 2022),0,,0,1,CNBRFIC1HR,GHDHS1998408009,1998,DHS,83,125,,,1
GHA,Upper West,7615206,Children who started breastfeeding within 1 hour of birth,23.7,1,GH,Ghana,1998,GH1998DHS,CN_BRFI_C_1HR,104266020,I,408010,1408100,Region,..Upper West,0,,0,1,CNBRFIC1HR,GHDHS1998408010,1998,DHS,39,114,,,1
GHA,Upper East,807771,Children who started breastfeeding within 1 hour of birth,8.3,1,GH,Ghana,1998,GH1998DHS,CN_BRFI_C_1HR,104266020,I,408011,1408110,Region,..Upper East,0,,0,1,CNBRFIC1HR,GHDHS1998408011,1998,DHS,81,156,,,1
GHA,Western (pre 2022),5414184,Median duration of any breastfeeding,22.7,1,GH,Ghana,1998,GH1998DHS,CN_BFDR_C_MDA,104336010,I,408001,1408010,Region,Western (pre 2022),0,,0,1,CNBFDRCMDA,GHDHS1998408001,1998,DHS,,,,,1
GHA,Central,2520677,Median duration of any breastfeeding,20.2,1,GH,Ghana,1998,GH1998DHS,CN_BFDR_C_MDA,104336010,I,408002,1408020,Region,Central,0,,0,1,CNBFDRCMDA,GHDHS1998408002,1998,DHS,,,,,1
GHA,Greater Accra,807780,Median duration of any breastfeeding,16.7,1,GH,Ghana,1998,GH1998DHS,CN_BFDR_C_MDA,104336010,I,408003,1408030,Region,Greater Accra,0,,0,1,CNBFDRCMDA,GHDHS1998408003,1998,DHS,,,,,1
GHA,Volta (pre 2022),2520687,Median duration of any breastfeeding,22,1,GH,Ghana,1998,GH1998DHS,CN_BFDR_C_MDA,104336010,I,408004,1408040,Region,Volta (pre 2022),0,,0,1,CNBFDRCMDA,GHDHS1998408004,1998,DHS,,,,,1
GHA,Eastern,81914,Median duration of any breastfeeding,20.9,1,GH,Ghana,1998,GH1998DHS,CN_BFDR_C_MDA,104336010,I,408005,1408050,Region,Eastern,0,,0,1,CNBFDRCMDA,GHDHS1998408005,1998,DHS,,,,,1
GHA,Ashanti,816051,Median duration of any breastfeeding,22.1,1,GH,Ghana,1998,GH1998DHS,CN_BFDR_C_MDA,104336010,I,408006,1408060,Region,Ashanti,0,,0,1,CNBFDRCMDA,GHDHS1998408006,1998,DHS,,,,,1
GHA,Brong-Ahafo,816034,Median duration of any breastfeeding,23.9,1,GH,Ghana,1998,GH1998DHS,CN_BFDR_C_MDA,104336010,I,408007,1408070,Region,Brong-Ahafo,0,,0,1,CNBFDRCMDA,GHDHS1998408007,1998,DHS,,,,,1
GHA,"Northern, Upper West, Upper East",816014,Median duration of any breastfeeding,25.9,1,GH,Ghana,1998,GH1998DHS,CN_BFDR_C_MDA,104336010,I,408008,1408080,Region,"Northern, Upper West, Upper East",0,,0,1,CNBFDRCMDA,GHDHS1998408008,1998,DHS,,,,,
GHA,Northern (pre 2022),2520711,Median duration of any breastfeeding,24.5,1,GH,Ghana,1998,GH1998DHS,CN_BFDR_C_MDA,104336010,I,408009,1408090,Region,..Northern (pre 2022),0,,0,1,CNBFDRCMDA,GHDHS1998408009,1998,DHS,,,,,1
GHA,Upper West,807809,Median duration of any breastfeeding,30.1,1,GH,Ghana,1998,GH1998DHS,CN_BFDR_C_MDA,104336010,I,408010,1408100,Region,..Upper West,0,,0,1,CNBFDRCMDA,GHDHS1998408010,1998,DHS,,,,,1
GHA,Upper East,807787,Median duration of any breastfeeding,29,1,GH,Ghana,1998,GH1998DHS,CN_BFDR_C_MDA,104336010,I,408011,1408110,Region,..Upper East,0,,0,1,CNBFDRCMDA,GHDHS1998408011,1998,DHS,,,,,1
GHA,Western (pre 2022),1599509,Children ever breastfed,96.6,1,GH,Ghana,2003,GH2003DHS,CN_BRFI_C_EVR,104266010,I,408001,1408010,Region,Western (pre 2022),0,,0,1,CNBRFICEVR,GHDHS2003408001,2003,DHS,128,126,,,1
GHA,Central,1577796,Children ever breastfed,99,1,GH,Ghana,2003,GH2003DHS,CN_BRFI_C_EVR,104266010,I,408002,1408020,Region,Central,0,,0,1,CNBRFICEVR,GHDHS2003408002,2003,DHS,120,92,,,1
GHA,Greater Accra,1402605,Children ever breastfed,98,1,GH,Ghana,2003,GH2003DHS,CN_BRFI_C_EVR,104266010,I,408003,1408030,Region,Greater Accra,0,,0,1,CNBRFICEVR,GHDHS2003408003,2003,DHS,150,132,,,1
GHA,Volta (pre 2022),1643126,Children ever breastfed,99.1,1,GH,Ghana,2003,GH2003DHS,CN_BRFI_C_EVR,104266010,I,408004,1408040,Region,Volta (pre 2022),0,,0,1,CNBRFICEVR,GHDHS2003408004,2003,DHS,134,123,,,1
GHA,Eastern,6857191,Children ever breastfed,97.5,1,GH,Ghana,2003,GH2003DHS,CN_BRFI_C_EVR,104266010,I,408005,1408050,Region,Eastern,0,,0,1,CNBRFICEVR,GHDHS2003408005,2003,DHS,142,123,,,1
GHA,Ashanti,6734882,Children ever breastfed,95.9,1,GH,Ghana,2003,GH2003DHS,CN_BRFI_C_EVR,104266010,I,408006,1408060,Region,Ashanti,0,,0,1,CNBRFICEVR,GHDHS2003408006,2003,DHS,245,213,,,1
GHA,Brong-Ahafo,270905,Children ever breastfed,97.3,1,GH,Ghana,2003,GH2003DHS,CN_BRFI_C_EVR,104266010,I,408007,1408070,Region,Brong-Ahafo,0,,0,1,CNBRFICEVR,GHDHS2003408007,2003,DHS,158,180,,,1
GHA,"Northern, Upper West, Upper East",1765250,Children ever breastfed,98.7,1,GH,Ghana,2003,GH2003DHS,CN_BRFI_C_EVR,104266010,I,408008,1408080,Region,"Northern, Upper West, Upper East",0,,0,1,CNBRFICEVR,GHDHS2003408008,2003,DHS,344,530,,,
GHA,Northern (pre 2022),1126894,Children ever breastfed,98.6,1,GH,Ghana,2003,GH2003DHS,CN_BRFI_C_EVR,104266010,I,408009,1408090,Region,..Northern (pre 2022),0,,0,1,CNBRFICEVR,GHDHS2003408009,2003,DHS,208,260,,,1
GHA,Upper West,5197479,Children ever breastfed,100,1,GH,Ghana,2003,GH2003DHS,CN_BRFI_C_EVR,104266010,I,408010,1408100,Region,..Upper West,0,,0,1,CNBRFICEVR,GHDHS2003408010,2003,DHS,49,151,,,1
GHA,Upper East,4853094,Children ever breastfed,98.2,1,GH,Ghana,2003,GH2003DHS,CN_BRFI_C_EVR,104266010,I,408011,1408110,Region,..Upper East,0,,0,1,CNBRFICEVR,GHDHS2003408011,2003,DHS,86,119,,,1
GHA,Western (pre 2022),1599653,Children who started breastfeeding within 1 hour of birth,33.5,1,GH,Ghana,2003,GH2003DHS,CN_BRFI_C_1HR,104266020,I,408001,1408010,Region,Western (pre 2022),0,,0,1,CNBRFIC1HR,GHDHS2003408001,2003,DHS,128,126,,,1
GHA,Central,1577795,Children who started breastfeeding within 1 hour of birth,14.1,1,GH,Ghana,2003,GH2003DHS,CN_BRFI_C_1HR,104266020,I,408002,1408020,Region,Central,0,,0,1,CNBRFIC1HR,GHDHS2003408002,2003,DHS,120,92,,,1
GHA,Greater Accra,1402604,Children who started breastfeeding within 1 hour of birth,40,1,GH,Ghana,2003,GH2003DHS,CN_BRFI_C_1HR,104266020,I,408003,1408030,Region,Greater Accra,0,,0,1,CNBRFIC1HR,GHDHS2003408003,2003,DHS,150,132,,,1
GHA,Volta (pre 2022),1643125,Children who started breastfeeding within 1 hour of birth,46.2,1,GH,Ghana,2003,GH2003DHS,CN_BRFI_C_1HR,104266020,I,408004,1408040,Region,Volta (pre 2022),0,,0,1,CNBRFIC1HR,GHDHS2003408004,2003,DHS,134,123,,,1
GHA,Eastern,6857190,Children who started breastfeeding within 1 hour of birth,36.4,1,GH,Ghana,2003,GH2003DHS,CN_BRFI_C_1HR,104266020,I,408005,1408050,Region,Eastern,0,,0,1,CNBRFIC1HR,GHDHS2003408005,2003,DHS,142,123,,,1
GHA,Ashanti,6734881,Children who started breastfeeding within 1 hour of birth,56.3,1,GH,Ghana,2003,GH2003DHS,CN_BRFI_C_1HR,104266020,I,408006,1408060,Region,Ashanti,0,,0,1,CNBRFIC1HR,GHDHS2003408006,2003,DHS,245,213,,,1
GHA,Brong-Ahafo,270904,Children who started breastfeeding within 1 hour of birth,48.5,1,GH,Ghana,2003,GH2003DHS,CN_BRFI_C_1HR,104266020,I,408007,1408070,Region,Brong-Ahafo,0,,0,1,CNBRFIC1HR,GHDHS2003408007,2003,DHS,158,180,,,1
GHA,"Northern, Upper West, Upper East",1765249,Children who started breastfeeding within 1 hour of birth,57.5,1,GH,Ghana,2003,GH2003DHS,CN_BRFI_C_1HR,104266020,I,408008,1408080,Region,"Northern, Upper West, Upper East",0,,0,1,CNBRFIC1HR,GHDHS2003408008,2003,DHS,344,530,,,
GHA,Northern (pre 2022),1126895,Children who started breastfeeding within 1 hour of birth,53.9,1,GH,Ghana,2003,GH2003DHS,CN_BRFI_C_1HR,104266020,I,408009,1408090,Region,..Northern (pre 2022),0,,0,1,CNBRFIC1HR,GHDHS2003408009,2003,DHS,208,260,,,1
GHA,Upper West,5197478,Children who started breastfeeding within 1 hour of birth,21.4,1,GH,Ghana,2003,GH2003DHS,CN_BRFI_C_1HR,104266020,I,408010,1408100,Region,..Upper West,0,,0,1,CNBRFIC1HR,GHDHS2003408010,2003,DHS,49,151,,,1
GHA,Upper East,4853093,Children who started breastfeeding within 1 hour of birth,86.5,1,GH,Ghana,2003,GH2003DHS,CN_BRFI_C_1HR,104266020,I,408011,1408110,Region,..Upper East,0,,0,1,CNBRFIC1HR,GHDHS2003408011,2003,DHS,86,119,,,1
GHA,Western (pre 2022),1119413,Median duration of any breastfeeding,20.2,1,GH,Ghana,2003,GH2003DHS,CN_BFDR_C_MDA,104336010,I,408001,1408010,Region,Western (pre 2022),0,,0,1,CNBFDRCMDA,GHDHS2003408001,2003,DHS,,,,,1
GHA,Central,1126911,Median duration of any breastfeeding,21.3,1,GH,Ghana,2003,GH2003DHS,CN_BFDR_C_MDA,104336010,I,408002,1408020,Region,Central,0,,0,1,CNBFDRCMDA,GHDHS2003408002,2003,DHS,,,,,1
GHA,Greater Accra,1126900,Median duration of any breastfeeding,19.3,1,GH,Ghana,2003,GH2003DHS,CN_BFDR_C_MDA,104336010,I,408003,1408030,Region,Greater Accra,0,,0,1,CNBFDRCMDA,GHDHS2003408003,2003,DHS,,,,,1
GHA,Volta (pre 2022),1111509,Median duration of any breastfeeding,22.9,1,GH,Ghana,2003,GH2003DHS,CN_BFDR_C_MDA,104336010,I,408004,1408040,Region,Volta (pre 2022),0,,0,1,CNBFDRCMDA,GHDHS2003408004,2003,DHS,,,,,1
GHA,Eastern,1128473,Median duration of any breastfeeding,21.2,1,GH,Ghana,2003,GH2003DHS,CN_BFDR_C_MDA,104336010,I,408005,1408050,Region,Eastern,0,,0,1,CNBFDRCMDA,GHDHS2003408005,2003,DHS,,,,,1
GHA,Ashanti,1111514,Median duration of any breastfeeding,20.6,1,GH,Ghana,2003,GH2003DHS,CN_BFDR_C_MDA,104336010,I,408006,1408060,Region,Ashanti,0,,0,1,CNBFDRCMDA,GHDHS2003408006,2003,DHS,,,,,1
GHA,Brong-Ahafo,270582,Median duration of any breastfeeding,22.6,1,GH,Ghana,2003,GH2003DHS,CN_BFDR_C_MDA,104336010,I,408007,1408070,Region,Brong-Ahafo,0,,0,1,CNBFDRCMDA,GHDHS2003408007,2003,DHS,,,,,1
GHA,"Northern, Upper West, Upper East",1119419,Median duration of any breastfeeding,27.8,1,GH,Ghana,2003,GH2003DHS,CN_BFDR_C_MDA,104336010,I,408008,1408080,Region,"Northern, Upper West, Upper East",0,,0,1,CNBFDRCMDA,GHDHS2003408008,2003,DHS,,,,,
GHA,Northern (pre 2022),1126938,Median duration of any breastfeeding,28.2,1,GH,Ghana,2003,GH2003DHS,CN_BFDR_C_MDA,104336010,I,408009,1408090,Region,..Northern (pre 2022),0,,0,1,CNBFDRCMDA,GHDHS2003408009,2003,DHS,,,,,1
GHA,Upper West,1128444,Median duration of any breastfeeding,27.4,1,GH,Ghana,2003,GH2003DHS,CN_BFDR_C_MDA,104336010,I,408010,1408100,Region,..Upper West,0,,0,1,CNBFDRCMDA,GHDHS2003408010,2003,DHS,,,,,1
GHA,Upper East,4265106,Median duration of any breastfeeding,26.4,1,GH,Ghana,2003,GH2003DHS,CN_BFDR_C_MDA,104336010,I,408011,1408110,Region,..Upper East,0,,0,1,CNBFDRCMDA,GHDHS2003408011,2003,DHS,,,,,1
GHA,Western (pre 2022),609664,Children ever breastfed,100,1,GH,Ghana,2008,GH2008DHS,CN_BRFI_C_EVR,104266010,I,408001,1408010,Region,Western (pre 2022),0,,0,1,CNBRFICEVR,GHDHS2008408001,2008,DHS,111,111,,,1
GHA,Central,7576405,Children ever breastfed,100,1,GH,Ghana,2008,GH2008DHS,CN_BRFI_C_EVR,104266010,I,408002,1408020,Region,Central,0,,0,1,CNBRFICEVR,GHDHS2008408002,2008,DHS,123,95,,,1
GHA,Greater Accra,378751,Children ever breastfed,97,1,GH,Ghana,2008,GH2008DHS,CN_BRFI_C_EVR,104266010,I,408003,1408030,Region,Greater Accra,0,,0,1,CNBRFICEVR,GHDHS2008408003,2008,DHS,133,111,,,1
GHA,Volta (pre 2022),1119523,Children ever breastfed,100,1,GH,Ghana,2008,GH2008DHS,CN_BRFI_C_EVR,104266010,I,408004,1408040,Region,Volta (pre 2022),0,,0,1,CNBRFICEVR,GHDHS2008408004,2008,DHS,107,107,,,1
GHA,Eastern,6991492,Children ever breastfed,100,1,GH,Ghana,2008,GH2008DHS,CN_BRFI_C_EVR,104266010,I,408005,1408050,Region,Eastern,0,,0,1,CNBRFICEVR,GHDHS2008408005,2008,DHS,105,109,,,1
GHA,Ashanti,7604315,Children ever breastfed,97.4,1,GH,Ghana,2008,GH2008DHS,CN_BRFI_C_EVR,104266010,I,408006,1408060,Region,Ashanti,0,,0,1,CNBRFICEVR,GHDHS2008408006,2008,DHS,215,174,,,1
GHA,Brong-Ahafo,573853,Children ever breastfed,99.1,1,GH,Ghana,2008,GH2008DHS,CN_BRFI_C_EVR,104266010,I,408007,1408070,Region,Brong-Ahafo,0,,0,1,CNBRFICEVR,GHDHS2008408007,2008,DHS,107,103,,,1
GHA,"Northern, Upper West, Upper East",1600716,Children ever breastfed,98.3,1,GH,Ghana,2008,GH2008DHS,CN_BRFI_C_EVR,104266010,I,408008,1408080,Region,"Northern, Upper West, Upper East",0,,0,1,CNBRFICEVR,GHDHS2008408008,2008,DHS,276,415,,,
GHA,Northern (pre 2022),1849026,Children ever breastfed,98.1,1,GH,Ghana,2008,GH2008DHS,CN_BRFI_C_EVR,104266010,I,408009,1408090,Region,..Northern (pre 2022),0,,0,1,CNBRFICEVR,GHDHS2008408009,2008,DHS,177,188,,,1
GHA,Upper West,7089648,Children ever breastfed,97.4,1,GH,Ghana,2008,GH2008DHS,CN_BRFI_C_EVR,104266010,I,408010,1408100,Region,..Upper West,0,,0,1,CNBRFICEVR,GHDHS2008408010,2008,DHS,36,132,,,1
GHA,Upper East,1111635,Children ever breastfed,99.5,1,GH,Ghana,2008,GH2008DHS,CN_BRFI_C_EVR,104266010,I,408011,1408110,Region,..Upper East,0,,0,1,CNBRFICEVR,GHDHS2008408011,2008,DHS,63,95,,,1
GHA,Western (pre 2022),609666,Children who started breastfeeding within 1 hour of birth,48.9,1,GH,Ghana,2008,GH2008DHS,CN_BRFI_C_1HR,104266020,I,408001,1408010,Region,Western (pre 2022),0,,0,1,CNBRFIC1HR,GHDHS2008408001,2008,DHS,111,111,,,1
GHA,Central,7576368,Children who started breastfeeding within 1 hour of birth,58.3,1,GH,Ghana,2008,GH2008DHS,CN_BRFI_C_1HR,104266020,I,408002,1408020,Region,Central,0,,0,1,CNBRFIC1HR,GHDHS2008408002,2008,DHS,123,95,,,1
GHA,Greater Accra,378753,Children who started breastfeeding within 1 hour of birth,51.7,1,GH,Ghana,2008,GH2008DHS,CN_BRFI_C_1HR,104266020,I,408003,1408030,Region,Greater Accra,0,,0,1,CNBRFIC1HR,GHDHS2008408003,2008,DHS,133,111,,,1
GHA,Volta (pre 2022),1119522,Children who started breastfeeding within 1 hour of birth,58.3,1,GH,Ghana,2008,GH2008DHS,CN_BRFI_C_1HR,104266020,I,408004,1408040,Region,Volta (pre 2022),0,,0,1,CNBRFIC1HR,GHDHS2008408004,2008,DHS,107,107,,,1
GHA,Eastern,6991494,Children who started breastfeeding within 1 hour of birth,41.7,1,GH,Ghana,2008,GH2008DHS,CN_BRFI_C_1HR,104266020,I,408005,1408050,Region,Eastern,0,,0,1,CNBRFIC1HR,GHDHS2008408005,2008,DHS,105,109,,,1
GHA,Ashanti,7604316,Children who started breastfeeding within 1 hour of birth,46.2,1,GH,Ghana,2008,GH2008DHS,CN_BRFI_C_1HR,104266020,I,408006,1408060,Region,Ashanti,0,,0,1,CNBRFIC1HR,GHDHS2008408006,2008,DHS,215,174,,,1
GHA,Brong-Ahafo,573851,Children who started breastfeeding within 1 hour of birth,56.1,1,GH,Ghana,2008,GH2008DHS,CN_BRFI_C_1HR,104266020,I,408007,1408070,Region,Brong-Ahafo,0,,0,1,CNBRFIC1HR,GHDHS2008408007,2008,DHS,107,103,,,1
GHA,"Northern, Upper West, Upper East",1600717,Children who started breastfeeding within 1 hour of birth,54.7,1,GH,Ghana,2008,GH2008DHS,CN_BRFI_C_1HR,104266020,I,408008,1408080,Region,"Northern, Upper West, Upper East",0,,0,1,CNBRFIC1HR,GHDHS2008408008,2008,DHS,276,415,,,
GHA,Northern (pre 2022),1849027,Children who started breastfeeding within 1 hour of birth,48.9,1,GH,Ghana,2008,GH2008DHS,CN_BRFI_C_1HR,104266020,I,408009,1408090,Region,..Northern (pre 2022),0,,0,1,CNBRFIC1HR,GHDHS2008408009,2008,DHS,177,188,,,1
GHA,Upper West,7089650,Children who started breastfeeding within 1 hour of birth,62,1,GH,Ghana,2008,GH2008DHS,CN_BRFI_C_1HR,104266020,I,408010,1408100,Region,..Upper West,0,,0,1,CNBRFIC1HR,GHDHS2008408010,2008,DHS,36,132,,,1
GHA,Upper East,1111633,Children who started breastfeeding within 1 hour of birth,66.8,1,GH,Ghana,2008,GH2008DHS,CN_BRFI_C_1HR,104266020,I,408011,1408110,Region,..Upper East,0,,0,1,CNBRFIC1HR,GHDHS2008408011,2008,DHS,63,95,,,1
GHA,Western (pre 2022),610053,Median duration of any breastfeeding,20.6,1,GH,Ghana,2008,GH2008DHS,CN_BFDR_C_MDA,104336010,I,408001,1408010,Region,Western (pre 2022),0,,0,1,CNBFDRCMDA,GHDHS2008408001,2008,DHS,,,,,1
GHA,Central,1119540,Median duration of any breastfeeding,18.6,1,GH,Ghana,2008,GH2008DHS,CN_BFDR_C_MDA,104336010,I,408002,1408020,Region,Central,0,,0,1,CNBFDRCMDA,GHDHS2008408002,2008,DHS,,,,,1
GHA,Greater Accra,381113,Median duration of any breastfeeding,18.6,1,GH,Ghana,2008,GH2008DHS,CN_BFDR_C_MDA,104336010,I,408003,1408030,Region,Greater Accra,0,,0,1,CNBFDRCMDA,GHDHS2008408003,2008,DHS,,,,,1
GHA,Volta (pre 2022),1119546,Median duration of any breastfeeding,21.4,1,GH,Ghana,2008,GH2008DHS,CN_BFDR_C_MDA,104336010,I,408004,1408040,Region,Volta (pre 2022),0,,0,1,CNBFDRCMDA,GHDHS2008408004,2008,DHS,,,,,1
GHA,Eastern,1111661,Median duration of any breastfeeding,19.6,1,GH,Ghana,2008,GH2008DHS,CN_BFDR_C_MDA,104336010,I,408005,1408050,Region,Eastern,0,,0,1,CNBFDRCMDA,GHDHS2008408005,2008,DHS,,,,,1
GHA,Ashanti,1119578,Median duration of any breastfeeding,19.9,1,GH,Ghana,2008,GH2008DHS,CN_BFDR_C_MDA,104336010,I,408006,1408060,Region,Ashanti,0,,0,1,CNBFDRCMDA,GHDHS2008408006,2008,DHS,,,,,1
GHA,Brong-Ahafo,576749,Median duration of any breastfeeding,20.8,1,GH,Ghana,2008,GH2008DHS,CN_BFDR_C_MDA,104336010,I,408007,1408070,Region,Brong-Ahafo,0,,0,1,CNBFDRCMDA,GHDHS2008408007,2008,DHS,,,,,1
GHA,"Northern, Upper West, Upper East",1134839,Median duration of any breastfeeding,24.1,1,GH,Ghana,2008,GH2008DHS,CN_BFDR_C_MDA,104336010,I,408008,1408080,Region,"Northern, Upper West, Upper East",0,,0,1,CNBFDRCMDA,GHDHS2008408008,2008,DHS,,,,,
GHA,Northern (pre 2022),1134830,Median duration of any breastfeeding,22.5,1,GH,Ghana,2008,GH2008DHS,CN_BFDR_C_MDA,104336010,I,408009,1408090,Region,..Northern (pre 2022),0,,0,1,CNBFDRCMDA,GHDHS2008408009,2008,DHS,,,,,1
GHA,Upper West,1119575,Median duration of any breastfeeding,24.8,1,GH,Ghana,2008,GH2008DHS,CN_BFDR_C_MDA,104336010,I,408010,1408100,Region,..Upper West,0,,0,1,CNBFDRCMDA,GHDHS2008408010,2008,DHS,,,,,1
GHA,Upper East,1111641,Median duration of any breastfeeding,28.6,1,GH,Ghana,2008,GH2008DHS,CN_BFDR_C_MDA,104336010,I,408011,1408110,Region,..Upper East,0,,0,1,CNBFDRCMDA,GHDHS2008408011,2008,DHS,,,,,1
GHA,Western (pre 2022),1218797,Children ever breastfed,98.1,1,GH,Ghana,2014,GH2014DHS,CN_BRFI_C_EVR,104266010,I,408001,1408010,Region,Western (pre 2022),0,,0,1,CNBRFICEVR,GHDHS2014408001,2014,DHS,217,214,,,1
GHA,Central,4454501,Children ever breastfed,99.4,1,GH,Ghana,2014,GH2014DHS,CN_BRFI_C_EVR,104266010,I,408002,1408020,Region,Central,0,,0,1,CNBRFICEVR,GHDHS2014408002,2014,DHS,258,234,,,1
GHA,Greater Accra,1119644,Children ever breastfed,98.3,1,GH,Ghana,2014,GH2014DHS,CN_BRFI_C_EVR,104266010,I,408003,1408030,Region,Greater Accra,0,,0,1,CNBRFICEVR,GHDHS2014408003,2014,DHS,332,179,,,1
GHA,Volta (pre 2022),5114533,Children ever breastfed,97.6,1,GH,Ghana,2014,GH2014DHS,CN_BRFI_C_EVR,104266010,I,408004,1408040,Region,Volta (pre 2022),0,,0,1,CNBRFICEVR,GHDHS2014408004,2014,DHS,177,192,,,1
GHA,Eastern,175320,Children ever breastfed,98.3,1,GH,Ghana,2014,GH2014DHS,CN_BRFI_C_EVR,104266010,I,408005,1408050,Region,Eastern,0,,0,1,CNBRFICEVR,GHDHS2014408005,2014,DHS,206,210,,,1
GHA,Ashanti,5801715,Children ever breastfed,97.7,1,GH,Ghana,2014,GH2014DHS,CN_BRFI_C_EVR,104266010,I,408006,1408060,Region,Ashanti,0,,0,1,CNBRFICEVR,GHDHS2014408006,2014,DHS,397,222,,,1
GHA,Brong-Ahafo,3919965,Children ever breastfed,96.7,1,GH,Ghana,2014,GH2014DHS,CN_BRFI_C_EVR,104266010,I,408007,1408070,Region,Brong-Ahafo,0,,0,1,CNBRFICEVR,GHDHS2014408007,2014,DHS,214,265,,,1
GHA,"Northern, Upper West, Upper East",1842579,Children ever breastfed,99.6,1,GH,Ghana,2014,GH2014DHS,CN_BRFI_C_EVR,104266010,I,408008,1408080,Region,"Northern, Upper West, Upper East",0,,0,1,CNBRFICEVR,GHDHS2014408008,2014,DHS,463,813,,,
GHA,Northern (pre 2022),6794272,Children ever breastfed,99.6,1,GH,Ghana,2014,GH2014DHS,CN_BRFI_C_EVR,104266010,I,408009,1408090,Region,..Northern (pre 2022),0,,0,1,CNBRFICEVR,GHDHS2014408009,2014,DHS,304,373,,,1
GHA,Upper West,1128655,Children ever breastfed,100,1,GH,Ghana,2014,GH2014DHS,CN_BRFI_C_EVR,104266010,I,408010,1408100,Region,..Upper West,0,,0,1,CNBRFICEVR,GHDHS2014408010,2014,DHS,64,204,,,1
GHA,Upper East,3902432,Children ever breastfed,99.4,1,GH,Ghana,2014,GH2014DHS,CN_BRFI_C_EVR,104266010,I,408011,1408110,Region,..Upper East,0,,0,1,CNBRFICEVR,GHDHS2014408011,2014,DHS,95,236,,,1
GHA,Western (pre 2022),1218796,Children who started breastfeeding within 1 hour of birth,62,1,GH,Ghana,2014,GH2014DHS,CN_BRFI_C_1HR,104266020,I,408001,1408010,Region,Western (pre 2022),0,,0,1,CNBRFIC1HR,GHDHS2014408001,2014,DHS,217,214,,,1
GHA,Central,4454497,Children who started breastfeeding within 1 hour of birth,60.9,1,GH,Ghana,2014,GH2014DHS,CN_BRFI_C_1HR,104266020,I,408002,1408020,Region,Central,0,,0,1,CNBRFIC1HR,GHDHS2014408002,2014,DHS,258,234,,,1
GHA,Greater Accra,1119645,Children who started breastfeeding within 1 hour of birth,52.8,1,GH,Ghana,2014,GH2014DHS,CN_BRFI_C_1HR,104266020,I,408003,1408030,Region,Greater Accra,0,,0,1,CNBRFIC1HR,GHDHS2014408003,2014,DHS,332,179,,,1
GHA,Volta (pre 2022),5114532,Children who started breastfeeding within 1 hour of birth,44.1,1,GH,Ghana,2014,GH2014DHS,CN_BRFI_C_1HR,104266020,I,408004,1408040,Region,Volta (pre 2022),0,,0,1,CNBRFIC1HR,GHDHS2014408004,2014,DHS,177,192,,,1
GHA,Eastern,175297,Children who started breastfeeding within 1 hour of birth,50.7,1,GH,Ghana,2014,GH2014DHS,CN_BRFI_C_1HR,104266020,I,408005,1408050,Region,Eastern,0,,0,1,CNBRFIC1HR,GHDHS2014408005,2014,DHS,206,210,,,1
GHA,Ashanti,5801716,Children who started breastfeeding within 1 hour of birth,50,1,GH,Ghana,2014,GH2014DHS,CN_BRFI_C_1HR,104266020,I,408006,1408060,Region,Ashanti,0,,0,1,CNBRFIC1HR,GHDHS2014408006,2014,DHS,397,222,,,1
GHA,Brong-Ahafo,3919966,Children who started breastfeeding within 1 hour of birth,59.2,1,GH,Ghana,2014,GH2014DHS,CN_BRFI_C_1HR,104266020,I,408007,1408070,Region,Brong-Ahafo,0,,0,1,CNBRFIC1HR,GHDHS2014408007,2014,DHS,214,265,,,1
GHA,"Northern, Upper West, Upper East",1842580,Children who started breastfeeding within 1 hour of birth,61.5,1,GH,Ghana,2014,GH2014DHS,CN_BRFI_C_1HR,104266020,I,408008,1408080,Region,"Northern, Upper West, Upper East",0,,0,1,CNBRFIC1HR,GHDHS2014408008,2014,DHS,463,813,,,
GHA,Northern (pre 2022),6794271,Children who started breastfeeding within 1 hour of birth,64.7,1,GH,Ghana,2014,GH2014DHS,CN_BRFI_C_1HR,104266020,I,408009,1408090,Region,..Northern (pre 2022),0,,0,1,CNBRFIC1HR,GHDHS2014408009,2014,DHS,304,373,,,1
GHA,Upper West,1128643,Children who started breastfeeding within 1 hour of birth,40.6,1,GH,Ghana,2014,GH2014DHS,CN_BRFI_C_1HR,104266020,I,408010,1408100,Region,..Upper West,0,,0,1,CNBRFIC1HR,GHDHS2014408010,2014,DHS,64,204,,,1
GHA,Upper East,3902430,Children who started breastfeeding within 1 hour of birth,65.2,1,GH,Ghana,2014,GH2014DHS,CN_BRFI_C_1HR,104266020,I,408011,1408110,Region,..Upper East,0,,0,1,CNBRFIC1HR,GHDHS2014408011,2014,DHS,95,236,,,1
GHA,Western (pre 2022),1119709,Median duration of any breastfeeding,20.6,1,GH,Ghana,2014,GH2014DHS,CN_BFDR_C_MDA,104336010,I,408001,1408010,Region,Western (pre 2022),0,,0,1,CNBFDRCMDA,GHDHS2014408001,2014,DHS,,,,,1
GHA,Central,1135032,Median duration of any breastfeeding,20.4,1,GH,Ghana,2014,GH2014DHS,CN_BFDR_C_MDA,104336010,I,408002,1408020,Region,Central,0,,0,1,CNBFDRCMDA,GHDHS2014408002,2014,DHS,,,,,1
GHA,Greater Accra,1119713,Median duration of any breastfeeding,18.7,1,GH,Ghana,2014,GH2014DHS,CN_BFDR_C_MDA,104336010,I,408003,1408030,Region,Greater Accra,0,,0,1,CNBFDRCMDA,GHDHS2014408003,2014,DHS,,,,,1
GHA,Volta (pre 2022),1111894,Median duration of any breastfeeding,22.9,1,GH,Ghana,2014,GH2014DHS,CN_BFDR_C_MDA,104336010,I,408004,1408040,Region,Volta (pre 2022),0,,0,1,CNBFDRCMDA,GHDHS2014408004,2014,DHS,,,,,1
GHA,Eastern,1128678,Median duration of any breastfeeding,19.6,1,GH,Ghana,2014,GH2014DHS,CN_BFDR_C_MDA,104336010,I,408005,1408050,Region,Eastern,0,,0,1,CNBFDRCMDA,GHDHS2014408005,2014,DHS,,,,,1
GHA,Ashanti,1111869,Median duration of any breastfeeding,19.4,1,GH,Ghana,2014,GH2014DHS,CN_BFDR_C_MDA,104336010,I,408006,1408060,Region,Ashanti,0,,0,1,CNBFDRCMDA,GHDHS2014408006,2014,DHS,,,,,1
GHA,Brong-Ahafo,1111862,Median duration of any breastfeeding,21.1,1,GH,Ghana,2014,GH2014DHS,CN_BFDR_C_MDA,104336010,I,408007,1408070,Region,Brong-Ahafo,0,,0,1,CNBFDRCMDA,GHDHS2014408007,2014,DHS,,,,,1
GHA,"Northern, Upper West, Upper East",1128687,Median duration of any breastfeeding,24.4,1,GH,Ghana,2014,GH2014DHS,CN_BFDR_C_MDA,104336010,I,408008,1408080,Region,"Northern, Upper West, Upper East",0,,0,1,CNBFDRCMDA,GHDHS2014408008,2014,DHS,,,,,
GHA,Northern (pre 2022),1111886,Median duration of any breastfeeding,24.8,1,GH,Ghana,2014,GH2014DHS,CN_BFDR_C_MDA,104336010,I,408009,1408090,Region,..Northern (pre 2022),0,,0,1,CNBFDRCMDA,GHDHS2014408009,2014,DHS,,,,,1
GHA,Upper West,1128717,Median duration of any breastfeeding,24.5,1,GH,Ghana,2014,GH2014DHS,CN_BFDR_C_MDA,104336010,I,408010,1408100,Region,..Upper West,0,,0,1,CNBFDRCMDA,GHDHS2014408010,2014,DHS,,,,,1
GHA,Upper East,1128674,Median duration of any breastfeeding,23.1,1,GH,Ghana,2014,GH2014DHS,CN_BFDR_C_MDA,104336010,I,408011,1408110,Region,..Upper East,0,,0,1,CNBFDRCMDA,GHDHS2014408011,2014,DHS,,,,,1
GHA,Western (pre 2022),7006586,Breastfed children 6-23 months fed both 4+ food groups and the minimum meal frequency,14.4,1,GH,Ghana,2014,GH2014DHS,CN_IYCF_C_BTB,104436030,I,408001,1408010,Region,Western (pre 2022),0,,0,1,CNIYCFCBTB,GHDHS2014408001,2014,DHS,121,112,,,1
GHA,Central,3822577,Breastfed children 6-23 months fed both 4+ food groups and the minimum meal frequency,26.9,1,GH,Ghana,2014,GH2014DHS,CN_IYCF_C_BTB,104436030,I,408002,1408020,Region,Central,0,,0,1,CNIYCFCBTB,GHDHS2014408002,2014,DHS,167,145,,,1
GHA,Greater Accra,4200379,Breastfed children 6-23 months fed both 4+ food groups and the minimum meal frequency,24.8,1,GH,Ghana,2014,GH2014DHS,CN_IYCF_C_BTB,104436030,I,408003,1408030,Region,Greater Accra,0,,0,1,CNIYCFCBTB,GHDHS2014408003,2014,DHS,173,94,,,1
GHA,Volta (pre 2022),6241599,Breastfed children 6-23 months fed both 4+ food groups and the minimum meal frequency,11.9,1,GH,Ghana,2014,GH2014DHS,CN_IYCF_C_BTB,104436030,I,408004,1408040,Region,Volta (pre 2022),0,,0,1,CNIYCFCBTB,GHDHS2014408004,2014,DHS,111,119,,,1
GHA,Eastern,1268480,Breastfed children 6-23 months fed both 4+ food groups and the minimum meal frequency,4.3,1,GH,Ghana,2014,GH2014DHS,CN_IYCF_C_BTB,104436030,I,408005,1408050,Region,Eastern,0,,0,1,CNIYCFCBTB,GHDHS2014408005,2014,DHS,112,116,,,1
GHA,Ashanti,1111904,Breastfed children 6-23 months fed both 4+ food groups and the minimum meal frequency,8.4,1,GH,Ghana,2014,GH2014DHS,CN_IYCF_C_BTB,104436030,I,408006,1408060,Region,Ashanti,0,,0,1,CNIYCFCBTB,GHDHS2014408006,2014,DHS,255,137,,,1
GHA,Brong-Ahafo,7593509,Breastfed children 6-23 months fed both 4+ food groups and the minimum meal frequency,13.4,1,GH,Ghana,2014,GH2014DHS,CN_IYCF_C_BTB,104436030,I,408007,1408070,Region,Brong-Ahafo,0,,0,1,CNIYCFCBTB,GHDHS2014408007,2014,DHS,144,181,,,1
GHA,"Northern, Upper West, Upper East",7282263,Breastfed children 6-23 months fed both 4+ food groups and the minimum meal frequency,13.5,1,GH,Ghana,2014,GH2014DHS,CN_IYCF_C_BTB,104436030,I,408008,1408080,Region,"Northern, Upper West, Upper East",0,,0,1,CNIYCFCBTB,GHDHS2014408008,2014,DHS,298,512,,,
GHA,Northern (pre 2022),2189540,Breastfed children 6-23 months fed both 4+ food groups and the minimum meal frequency,14.6,1,GH,Ghana,2014,GH2014DHS,CN_IYCF_C_BTB,104436030,I,408009,1408090,Region,..Northern (pre 2022),0,,0,1,CNIYCFCBTB,GHDHS2014408009,2014,DHS,201,245,,,1
GHA,Upper West,6750039,Breastfed children 6-23 months fed both 4+ food groups and the minimum meal frequency,15.1,1,GH,Ghana,2014,GH2014DHS,CN_IYCF_C_BTB,104436030,I,408010,1408100,Region,..Upper West,0,,0,1,CNIYCFCBTB,GHDHS2014408010,2014,DHS,37,122,,,1
GHA,Upper East,5620800,Breastfed children 6-23 months fed both 4+ food groups and the minimum meal frequency,8.5,1,GH,Ghana,2014,GH2014DHS,CN_IYCF_C_BTB,104436030,I,408011,1408110,Region,..Upper East,0,,0,1,CNIYCFCBTB,GHDHS2014408011,2014,DHS,60,145,,,1
GHA,Western (pre 2022),4728847,Non-breastfed children 6-23 months fed milk or milk products,14.6,1,GH,Ghana,2014,GH2014DHS,CN_IYCF_C_MKN,104436060,I,408001,1408010,Region,Western (pre 2022),0,,0,1,CNIYCFCMKN,GHDHS2014408001,2014,DHS,27,29,,,1
GHA,Central,4337369,Non-breastfed children 6-23 months fed milk or milk products,5.2,1,GH,Ghana,2014,GH2014DHS,CN_IYCF_C_MKN,104436060,I,408002,1408020,Region,Central,0,,0,1,CNIYCFCMKN,GHDHS2014408002,2014,DHS,38,36,,,1
GHA,Greater Accra,5267558,Non-breastfed children 6-23 months fed milk or milk products,26.8,1,GH,Ghana,2014,GH2014DHS,CN_IYCF_C_MKN,104436060,I,408003,1408030,Region,Greater Accra,0,,0,1,CNIYCFCMKN,GHDHS2014408003,2014,DHS,64,32,,,1
GHA,Eastern,116392,Non-breastfed children 6-23 months fed milk or milk products,8.1,1,GH,Ghana,2014,GH2014DHS,CN_IYCF_C_MKN,104436060,I,408005,1408050,Region,Eastern,0,,0,1,CNIYCFCMKN,GHDHS2014408005,2014,DHS,35,35,,,1
GHA,Ashanti,7699898,Non-breastfed children 6-23 months fed milk or milk products,5.1,1,GH,Ghana,2014,GH2014DHS,CN_IYCF_C_MKN,104436060,I,408006,1408060,Region,Ashanti,0,,0,1,CNIYCFCMKN,GHDHS2014408006,2014,DHS,39,26,,,1
GHA,Brong-Ahafo,7243348,Non-breastfed children 6-23 months fed milk or milk products,0,1,GH,Ghana,2014,GH2014DHS,CN_IYCF_C_MKN,104436060,I,408007,1408070,Region,Brong-Ahafo,0,,0,1,CNIYCFCMKN,GHDHS2014408007,2014,DHS,26,25,,,1
GHA,"Northern, Upper West, Upper East",2177515,Non-breastfed children 6-23 months fed milk or milk products,3.7,1,GH,Ghana,2014,GH2014DHS,CN_IYCF_C_MKN,104436060,I,408008,1408080,Region,"Northern, Upper West, Upper East",0,,0,1,CNIYCFCMKN,GHDHS2014408008,2014,DHS,18,41,,,
GHA,Western (pre 2022),4728850,Non-breastfed children 6-23 months with 3 IYCF practices,5.1,1,GH,Ghana,2014,GH2014DHS,CN_IYCF_C_3PN,104436090,I,408001,1408010,Region,Western (pre 2022),0,,0,1,CNIYCFC3PN,GHDHS2014408001,2014,DHS,27,29,,,1
GHA,Central,4337368,Non-breastfed children 6-23 months with 3 IYCF practices,0,1,GH,Ghana,2014,GH2014DHS,CN_IYCF_C_3PN,104436090,I,408002,1408020,Region,Central,0,,0,1,CNIYCFC3PN,GHDHS2014408002,2014,DHS,38,36,,,1
GHA,Greater Accra,5267557,Non-breastfed children 6-23 months with 3 IYCF practices,17.1,1,GH,Ghana,2014,GH2014DHS,CN_IYCF_C_3PN,104436090,I,408003,1408030,Region,Greater Accra,0,,0,1,CNIYCFC3PN,GHDHS2014408003,2014,DHS,64,32,,,1
GHA,Eastern,116391,Non-breastfed children 6-23 months with 3 IYCF practices,2.4,1,GH,Ghana,2014,GH2014DHS,CN_IYCF_C_3PN,104436090,I,408005,1408050,Region,Eastern,0,,0,1,CNIYCFC3PN,GHDHS2014408005,2014,DHS,35,35,,,1
GHA,Ashanti,7699882,Non-breastfed children 6-23 months with 3 IYCF practices,0,1,GH,Ghana,2014,GH2014DHS,CN_IYCF_C_3PN,104436090,I,408006,1408060,Region,Ashanti,0,,0,1,CNIYCFC3PN,GHDHS2014408006,2014,DHS,39,26,,,1
GHA,Brong-Ahafo,7243347,Non-breastfed children 6-23 months with 3 IYCF practices,0,1,GH,Ghana,2014,GH2014DHS,CN_IYCF_C_3PN,104436090,I,408007,1408070,Region,Brong-Ahafo,0,,0,1,CNIYCFC3PN,GHDHS2014408007,2014,DHS,26,25,,,1
GHA,"Northern, Upper West, Upper East",2177508,Non-breastfed children 6-23 months with 3 IYCF practices,3.7,1,GH,Ghana,2014,GH2014DHS,CN_IYCF_C_3PN,104436090,I,408008,1408080,Region,"Northern, Upper West, Upper East",0,,0,1,CNIYCFC3PN,GHDHS2014408008,2014,DHS,18,41,,,
GHA,Western (pre 2022),1119730,Children 6-23 months fed 5+ food groups,27.4,1,GH,Ghana,2014,GH2014DHS,CN_IYCF_C_4FA,104436130,I,408001,1408010,Region,Western (pre 2022),0,,0,1,CNIYCFC4FA,GHDHS2014408001,2014,DHS,148,141,,,1
GHA,Central,7612038,Children 6-23 months fed 5+ food groups,37.7,1,GH,Ghana,2014,GH2014DHS,CN_IYCF_C_4FA,104436130,I,408002,1408020,Region,Central,0,,0,1,CNIYCFC4FA,GHDHS2014408002,2014,DHS,205,181,,,1
GHA,Greater Accra,1119720,Children 6-23 months fed 5+ food groups,50.1,1,GH,Ghana,2014,GH2014DHS,CN_IYCF_C_4FA,104436130,I,408003,1408030,Region,Greater Accra,0,,0,1,CNIYCFC4FA,GHDHS2014408003,2014,DHS,237,126,,,1
GHA,Volta (pre 2022),63883,Children 6-23 months fed 5+ food groups,17.1,1,GH,Ghana,2014,GH2014DHS,CN_IYCF_C_4FA,104436130,I,408004,1408040,Region,Volta (pre 2022),0,,0,1,CNIYCFC4FA,GHDHS2014408004,2014,DHS,126,135,,,1
GHA,Eastern,6858696,Children 6-23 months fed 5+ food groups,13.9,1,GH,Ghana,2014,GH2014DHS,CN_IYCF_C_4FA,104436130,I,408005,1408050,Region,Eastern,0,,0,1,CNIYCFC4FA,GHDHS2014408005,2014,DHS,147,151,,,1
GHA,Ashanti,1111898,Children 6-23 months fed 5+ food groups,10.5,1,GH,Ghana,2014,GH2014DHS,CN_IYCF_C_4FA,104436130,I,408006,1408060,Region,Ashanti,0,,0,1,CNIYCFC4FA,GHDHS2014408006,2014,DHS,294,163,,,1
GHA,Brong-Ahafo,2051144,Children 6-23 months fed 5+ food groups,22.9,1,GH,Ghana,2014,GH2014DHS,CN_IYCF_C_4FA,104436130,I,408007,1408070,Region,Brong-Ahafo,0,,0,1,CNIYCFC4FA,GHDHS2014408007,2014,DHS,170,206,,,1
GHA,"Northern, Upper West, Upper East",4571690,Children 6-23 months fed 5+ food groups,16.7,1,GH,Ghana,2014,GH2014DHS,CN_IYCF_C_4FA,104436130,I,408008,1408080,Region,"Northern, Upper West, Upper East",0,,0,1,CNIYCFC4FA,GHDHS2014408008,2014,DHS,316,553,,,
GHA,Northern (pre 2022),5334186,Children 6-23 months fed 5+ food groups,16.9,1,GH,Ghana,2014,GH2014DHS,CN_IYCF_C_4FA,104436130,I,408009,1408090,Region,..Northern (pre 2022),0,,0,1,CNIYCFC4FA,GHDHS2014408009,2014,DHS,208,255,,,1
GHA,Upper West,4426718,Children 6-23 months fed 5+ food groups,18.6,1,GH,Ghana,2014,GH2014DHS,CN_IYCF_C_4FA,104436130,I,408010,1408100,Region,..Upper West,0,,0,1,CNIYCFC4FA,GHDHS2014408010,2014,DHS,41,135,,,1
GHA,Upper East,1128694,Children 6-23 months fed 5+ food groups,14.8,1,GH,Ghana,2014,GH2014DHS,CN_IYCF_C_4FA,104436130,I,408011,1408110,Region,..Upper East,0,,0,1,CNIYCFC4FA,GHDHS2014408011,2014,DHS,67,163,,,1
GHA,Western (pre 2022),1119731,Children 6-23 months fed the minimum meal frequency,38.1,1,GH,Ghana,2014,GH2014DHS,CN_IYCF_C_MNA,104436140,I,408001,1408010,Region,Western (pre 2022),0,,0,1,CNIYCFCMNA,GHDHS2014408001,2014,DHS,148,141,,,1
GHA,Central,7612039,Children 6-23 months fed the minimum meal frequency,49.9,1,GH,Ghana,2014,GH2014DHS,CN_IYCF_C_MNA,104436140,I,408002,1408020,Region,Central,0,,0,1,CNIYCFCMNA,GHDHS2014408002,2014,DHS,205,181,,,1
GHA,Greater Accra,1119721,Children 6-23 months fed the minimum meal frequency,49.5,1,GH,Ghana,2014,GH2014DHS,CN_IYCF_C_MNA,104436140,I,408003,1408030,Region,Greater Accra,0,,0,1,CNIYCFCMNA,GHDHS2014408003,2014,DHS,237,126,,,1
GHA,Volta (pre 2022),64115,Children 6-23 months fed the minimum meal frequency,44.8,1,GH,Ghana,2014,GH2014DHS,CN_IYCF_C_MNA,104436140,I,408004,1408040,Region,Volta (pre 2022),0,,0,1,CNIYCFCMNA,GHDHS2014408004,2014,DHS,126,135,,,1
GHA,Eastern,6858697,Children 6-23 months fed the minimum meal frequency,25.6,1,GH,Ghana,2014,GH2014DHS,CN_IYCF_C_MNA,104436140,I,408005,1408050,Region,Eastern,0,,0,1,CNIYCFCMNA,GHDHS2014408005,2014,DHS,147,151,,,1
GHA,Ashanti,1111899,Children 6-23 months fed the minimum meal frequency,46.7,1,GH,Ghana,2014,GH2014DHS,CN_IYCF_C_MNA,104436140,I,408006,1408060,Region,Ashanti,0,,0,1,CNIYCFCMNA,GHDHS2014408006,2014,DHS,294,163,,,1
GHA,Brong-Ahafo,2051145,Children 6-23 months fed the minimum meal frequency,38.4,1,GH,Ghana,2014,GH2014DHS,CN_IYCF_C_MNA,104436140,I,408007,1408070,Region,Brong-Ahafo,0,,0,1,CNIYCFCMNA,GHDHS2014408007,2014,DHS,170,206,,,1
GHA,"Northern, Upper West, Upper East",4571691,Children 6-23 months fed the minimum meal frequency,43.7,1,GH,Ghana,2014,GH2014DHS,CN_IYCF_C_MNA,104436140,I,408008,1408080,Region,"Northern, Upper West, Upper East",0,,0,1,CNIYCFCMNA,GHDHS2014408008,2014,DHS,316,553,,,
GHA,Northern (pre 2022),5334187,Children 6-23 months fed the minimum meal frequency,45.2,1,GH,Ghana,2014,GH2014DHS,CN_IYCF_C_MNA,104436140,I,408009,1408090,Region,..Northern (pre 2022),0,,0,1,CNIYCFCMNA,GHDHS2014408009,2014,DHS,208,255,,,1
GHA,Upper West,4426719,Children 6-23 months fed the minimum meal frequency,49.3,1,GH,Ghana,2014,GH2014DHS,CN_IYCF_C_MNA,104436140,I,408010,1408100,Region,..Upper West,0,,0,1,CNIYCFCMNA,GHDHS2014408010,2014,DHS,41,135,,,1
GHA,Upper East,1128698,Children 6-23 months fed the minimum meal frequency,35.8,1,GH,Ghana,2014,GH2014DHS,CN_IYCF_C_MNA,104436140,I,408011,1408110,Region,..Upper East,0,,0,1,CNIYCFCMNA,GHDHS2014408011,2014,DHS,67,163,,,1
GHA,Western (pre 2022),1119740,Children 6-23 months with 3 IYCF practices,12.7,1,GH,Ghana,2014,GH2014DHS,CN_IYCF_C_3PA,104436150,I,408001,1408010,Region,Western (pre 2022),0,,0,1,CNIYCFC3PA,GHDHS2014408001,2014,DHS,148,141,,,1
GHA,Central,7612040,Children 6-23 months with 3 IYCF practices,21.9,1,GH,Ghana,2014,GH2014DHS,CN_IYCF_C_3PA,104436150,I,408002,1408020,Region,Central,0,,0,1,CNIYCFC3PA,GHDHS2014408002,2014,DHS,205,181,,,1
GHA,Greater Accra,1119722,Children 6-23 months with 3 IYCF practices,22.7,1,GH,Ghana,2014,GH2014DHS,CN_IYCF_C_3PA,104436150,I,408003,1408030,Region,Greater Accra,0,,0,1,CNIYCFC3PA,GHDHS2014408003,2014,DHS,237,126,,,1
GHA,Volta (pre 2022),64116,Children 6-23 months with 3 IYCF practices,10.5,1,GH,Ghana,2014,GH2014DHS,CN_IYCF_C_3PA,104436150,I,408004,1408040,Region,Volta (pre 2022),0,,0,1,CNIYCFC3PA,GHDHS2014408004,2014,DHS,126,135,,,1
GHA,Eastern,6858698,Children 6-23 months with 3 IYCF practices,3.9,1,GH,Ghana,2014,GH2014DHS,CN_IYCF_C_3PA,104436150,I,408005,1408050,Region,Eastern,0,,0,1,CNIYCFC3PA,GHDHS2014408005,2014,DHS,147,151,,,1
GHA,Ashanti,1111900,Children 6-23 months with 3 IYCF practices,7.3,1,GH,Ghana,2014,GH2014DHS,CN_IYCF_C_3PA,104436150,I,408006,1408060,Region,Ashanti,0,,0,1,CNIYCFC3PA,GHDHS2014408006,2014,DHS,294,163,,,1
GHA,Brong-Ahafo,2051146,Children 6-23 months with 3 IYCF practices,11.3,1,GH,Ghana,2014,GH2014DHS,CN_IYCF_C_3PA,104436150,I,408007,1408070,Region,Brong-Ahafo,0,,0,1,CNIYCFC3PA,GHDHS2014408007,2014,DHS,170,206,,,1
GHA,"Northern, Upper West, Upper East",4571692,Children 6-23 months with 3 IYCF practices,12.9,1,GH,Ghana,2014,GH2014DHS,CN_IYCF_C_3PA,104436150,I,408008,1408080,Region,"Northern, Upper West, Upper East",0,,0,1,CNIYCFC3PA,GHDHS2014408008,2014,DHS,316,553,,,
GHA,Northern (pre 2022),5334188,Children 6-23 months with 3 IYCF practices,14.1,1,GH,Ghana,2014,GH2014DHS,CN_IYCF_C_3PA,104436150,I,408009,1408090,Region,..Northern (pre 2022),0,,0,1,CNIYCFC3PA,GHDHS2014408009,2014,DHS,208,255,,,1
GHA,Upper West,4426720,Children 6-23 months with 3 IYCF practices,13.7,1,GH,Ghana,2014,GH2014DHS,CN_IYCF_C_3PA,104436150,I,408010,1408100,Region,..Upper West,0,,0,1,CNIYCFC3PA,GHDHS2014408010,2014,DHS,41,135,,,1
GHA,Upper East,1128699,Children 6-23 months with 3 IYCF practices,8.6,1,GH,Ghana,2014,GH2014DHS,CN_IYCF_C_3PA,104436150,I,408011,1408110,Region,..Upper East,0,,0,1,CNIYCFC3PA,GHDHS2014408011,2014,DHS,67,163,,,1
GHA,Western (pre 2022),3515435,Children ever breastfed,96.8,1,GH,Ghana,2022,GH2022DHS,CN_BRFI_C_EVR,104266010,I,408001,1408010,Region,Western (pre 2022),0,,0,1,CNBRFICEVR,GHDHS2022408001,2022,DHS,312,371,,,
GHA,Western (post 2022),6966313,Children ever breastfed,96.8,1,GH,Ghana,2022,GH2022DHS,CN_BRFI_C_EVR,104266010,I,408012,1408012,Region,..Western (post 2022),0,,0,1,CNBRFICEVR,GHDHS2022408012,2022,DHS,212,179,,,1
GHA,Western North,3530768,Children ever breastfed,96.8,1,GH,Ghana,2022,GH2022DHS,CN_BRFI_C_EVR,104266010,I,408013,1408013,Region,..Western North,0,,0,1,CNBRFICEVR,GHDHS2022408013,2022,DHS,101,192,,,1
GHA,Central,6554775,Children ever breastfed,97.1,1,GH,Ghana,2022,GH2022DHS,CN_BRFI_C_EVR,104266010,I,408002,1408020,Region,Central,0,,0,1,CNBRFICEVR,GHDHS2022408002,2022,DHS,380,222,,,1
GHA,Greater Accra,7600215,Children ever breastfed,98.7,1,GH,Ghana,2022,GH2022DHS,CN_BRFI_C_EVR,104266010,I,408003,1408030,Region,Greater Accra,0,,0,1,CNBRFICEVR,GHDHS2022408003,2022,DHS,427,183,,,1
GHA,Volta (pre 2022),3515418,Children ever breastfed,98,1,GH,Ghana,2022,GH2022DHS,CN_BRFI_C_EVR,104266010,I,408004,1408040,Region,Volta (pre 2022),0,,0,1,CNBRFICEVR,GHDHS2022408004,2022,DHS,263,441,,,
GHA,Volta (post 2022),5288456,Children ever breastfed,98.9,1,GH,Ghana,2022,GH2022DHS,CN_BRFI_C_EVR,104266010,I,408014,1408042,Region,..Volta (post 2022),0,,0,1,CNBRFICEVR,GHDHS2022408014,2022,DHS,135,160,,,1
GHA,Oti,5548997,Children ever breastfed,97,1,GH,Ghana,2022,GH2022DHS,CN_BRFI_C_EVR,104266010,I,408015,1408043,Region,..Oti,0,,0,1,CNBRFICEVR,GHDHS2022408015,2022,DHS,128,281,,,1
GHA,Eastern,47727,Children ever breastfed,97,1,GH,Ghana,2022,GH2022DHS,CN_BRFI_C_EVR,104266010,I,408005,1408050,Region,Eastern,0,,0,1,CNBRFICEVR,GHDHS2022408005,2022,DHS,252,171,,,1
GHA,Ashanti,4849772,Children ever breastfed,94,1,GH,Ghana,2022,GH2022DHS,CN_BRFI_C_EVR,104266010,I,408006,1408060,Region,Ashanti,0,,0,1,CNBRFICEVR,GHDHS2022408006,2022,DHS,666,259,,,1
GHA,Brong-Ahafo,5063111,Children ever breastfed,97.1,1,GH,Ghana,2022,GH2022DHS,CN_BRFI_C_EVR,104266010,I,408007,1408070,Region,Brong-Ahafo,0,,0,1,CNBRFICEVR,GHDHS2022408007,2022,DHS,400,682,,,
GHA,Ahafo,6126010,Children ever breastfed,94.9,1,GH,Ghana,2022,GH2022DHS,CN_BRFI_C_EVR,104266010,I,408016,1408072,Region,..Ahafo,0,,0,1,CNBRFICEVR,GHDHS2022408016,2022,DHS,81,214,,,1
GHA,Bono,532388,Children ever breastfed,97.8,1,GH,Ghana,2022,GH2022DHS,CN_BRFI_C_EVR,104266010,I,408017,1408074,Region,..Bono,0,,0,1,CNBRFICEVR,GHDHS2022408017,2022,DHS,117,174,,,1
GHA,Bono East,3522509,Children ever breastfed,97.6,1,GH,Ghana,2022,GH2022DHS,CN_BRFI_C_EVR,104266010,I,408018,1408076,Region,..Bono East,0,,0,1,CNBRFICEVR,GHDHS2022408018,2022,DHS,202,294,,,1
GHA,"Northern, Upper West, Upper East",169853,Children ever breastfed,97.1,1,GH,Ghana,2022,GH2022DHS,CN_BRFI_C_EVR,104266010,I,408008,1408080,Region,"Northern, Upper West, Upper East",0,,0,1,CNBRFICEVR,GHDHS2022408008,2022,DHS,939,1682,,,
GHA,Northern (pre 2022),5667401,Children ever breastfed,96.8,1,GH,Ghana,2022,GH2022DHS,CN_BRFI_C_EVR,104266010,I,408009,1408090,Region,..Northern (pre 2022),0,,0,1,CNBRFICEVR,GHDHS2022408009,2022,DHS,634,1139,,,
GHA,..Northern(post 2022),411391,Children ever breastfed,96.5,1,GH,Ghana,2022,GH2022DHS,CN_BRFI_C_EVR,104266010,I,408019,1408092,Region,....Northern(post 2022),0,,0,1,CNBRFICEVR,GHDHS2022408019,2022,DHS,406,420,,,1
GHA,..Savannah,3531317,Children ever breastfed,95.5,1,GH,Ghana,2022,GH2022DHS,CN_BRFI_C_EVR,104266010,I,408020,1408094,Region,....Savannah,0,,0,1,CNBRFICEVR,GHDHS2022408020,2022,DHS,111,340,,,1
GHA,..Northeast,1995684,Children ever breastfed,98.9,1,GH,Ghana,2022,GH2022DHS,CN_BRFI_C_EVR,104266010,I,408021,1408096,Region,....Northeast,0,,0,1,CNBRFICEVR,GHDHS2022408021,2022,DHS,116,379,,,1
GHA,Upper West,620186,Children ever breastfed,98.2,1,GH,Ghana,2022,GH2022DHS,CN_BRFI_C_EVR,104266010,I,408010,1408100,Region,..Upper West,0,,0,1,CNBRFICEVR,GHDHS2022408010,2022,DHS,109,256,,,1
GHA,Upper East,3530771,Children ever breastfed,97.4,1,GH,Ghana,2022,GH2022DHS,CN_BRFI_C_EVR,104266010,I,408011,1408110,Region,..Upper East,0,,0,1,CNBRFICEVR,GHDHS2022408011,2022,DHS,196,287,,,1
GHA,Western (pre 2022),3515422,Children who started breastfeeding within 1 hour of birth,64.6,1,GH,Ghana,2022,GH2022DHS,CN_BRFI_C_1HR,104266020,I,408001,1408010,Region,Western (pre 2022),0,,0,1,CNBRFIC1HR,GHDHS2022408001,2022,DHS,312,371,,,
GHA,Western (post 2022),6966311,Children who started breastfeeding within 1 hour of birth,65,1,GH,Ghana,2022,GH2022DHS,CN_BRFI_C_1HR,104266020,I,408012,1408012,Region,..Western (post 2022),0,,0,1,CNBRFIC1HR,GHDHS2022408012,2022,DHS,212,179,,,1
GHA,Western North,3530747,Children who started breastfeeding within 1 hour of birth,64,1,GH,Ghana,2022,GH2022DHS,CN_BRFI_C_1HR,104266020,I,408013,1408013,Region,..Western North,0,,0,1,CNBRFIC1HR,GHDHS2022408013,2022,DHS,101,192,,,1
GHA,Central,6554771,Children who started breastfeeding within 1 hour of birth,51.5,1,GH,Ghana,2022,GH2022DHS,CN_BRFI_C_1HR,104266020,I,408002,1408020,Region,Central,0,,0,1,CNBRFIC1HR,GHDHS2022408002,2022,DHS,380,222,,,1
GHA,Greater Accra,7600213,Children who started breastfeeding within 1 hour of birth,43.8,1,GH,Ghana,2022,GH2022DHS,CN_BRFI_C_1HR,104266020,I,408003,1408030,Region,Greater Accra,0,,0,1,CNBRFIC1HR,GHDHS2022408003,2022,DHS,427,183,,,1
GHA,Volta (pre 2022),3515414,Children who started breastfeeding within 1 hour of birth,66.8,1,GH,Ghana,2022,GH2022DHS,CN_BRFI_C_1HR,104266020,I,408004,1408040,Region,Volta (pre 2022),0,,0,1,CNBRFIC1HR,GHDHS2022408004,2022,DHS,263,441,,,
GHA,Volta (post 2022),5288455,Children who started breastfeeding within 1 hour of birth,68.4,1,GH,Ghana,2022,GH2022DHS,CN_BRFI_C_1HR,104266020,I,408014,1408042,Region,..Volta (post 2022),0,,0,1,CNBRFIC1HR,GHDHS2022408014,2022,DHS,135,160,,,1
GHA,Oti,5548996,Children who started breastfeeding within 1 hour of birth,65.1,1,GH,Ghana,2022,GH2022DHS,CN_BRFI_C_1HR,104266020,I,408015,1408043,Region,..Oti,0,,0,1,CNBRFIC1HR,GHDHS2022408015,2022,DHS,128,281,,,1
GHA,Eastern,47720,Children who started breastfeeding within 1 hour of birth,48.3,1,GH,Ghana,2022,GH2022DHS,CN_BRFI_C_1HR,104266020,I,408005,1408050,Region,Eastern,0,,0,1,CNBRFIC1HR,GHDHS2022408005,2022,DHS,252,171,,,1
GHA,Ashanti,4849762,Children who started breastfeeding within 1 hour of birth,61.2,1,GH,Ghana,2022,GH2022DHS,CN_BRFI_C_1HR,104266020,I,408006,1408060,Region,Ashanti,0,,0,1,CNBRFIC1HR,GHDHS2022408006,2022,DHS,666,259,,,1
GHA,Brong-Ahafo,5063109,Children who started breastfeeding within 1 hour of birth,63.2,1,GH,Ghana,2022,GH2022DHS,CN_BRFI_C_1HR,104266020,I,408007,1408070,Region,Brong-Ahafo,0,,0,1,CNBRFIC1HR,GHDHS2022408007,2022,DHS,400,682,,,
GHA,Ahafo,6126008,Children who started breastfeeding within 1 hour of birth,43.9,1,GH,Ghana,2022,GH2022DHS,CN_BRFI_C_1HR,104266020,I,408016,1408072,Region,..Ahafo,0,,0,1,CNBRFIC1HR,GHDHS2022408016,2022,DHS,81,214,,,1
GHA,Bono,532386,Children who started breastfeeding within 1 hour of birth,63.5,1,GH,Ghana,2022,GH2022DHS,CN_BRFI_C_1HR,104266020,I,408017,1408074,Region,..Bono,0,,0,1,CNBRFIC1HR,GHDHS2022408017,2022,DHS,117,174,,,1
GHA,Bono East,3522507,Children who started breastfeeding within 1 hour of birth,70.6,1,GH,Ghana,2022,GH2022DHS,CN_BRFI_C_1HR,104266020,I,408018,1408076,Region,..Bono East,0,,0,1,CNBRFIC1HR,GHDHS2022408018,2022,DHS,202,294,,,1
GHA,"Northern, Upper West, Upper East",169851,Children who started breastfeeding within 1 hour of birth,61.2,1,GH,Ghana,2022,GH2022DHS,CN_BRFI_C_1HR,104266020,I,408008,1408080,Region,"Northern, Upper West, Upper East",0,,0,1,CNBRFIC1HR,GHDHS2022408008,2022,DHS,939,1682,,,
GHA,Northern (pre 2022),5667399,Children who started breastfeeding within 1 hour of birth,59.6,1,GH,Ghana,2022,GH2022DHS,CN_BRFI_C_1HR,104266020,I,408009,1408090,Region,..Northern (pre 2022),0,,0,1,CNBRFIC1HR,GHDHS2022408009,2022,DHS,634,1139,,,
GHA,..Northern(post 2022),411388,Children who started breastfeeding within 1 hour of birth,56.5,1,GH,Ghana,2022,GH2022DHS,CN_BRFI_C_1HR,104266020,I,408019,1408092,Region,....Northern(post 2022),0,,0,1,CNBRFIC1HR,GHDHS2022408019,2022,DHS,406,420,,,1
GHA,..Savannah,3531316,Children who started breastfeeding within 1 hour of birth,63.3,1,GH,Ghana,2022,GH2022DHS,CN_BRFI_C_1HR,104266020,I,408020,1408094,Region,....Savannah,0,,0,1,CNBRFIC1HR,GHDHS2022408020,2022,DHS,111,340,,,1
GHA,..Northeast,1995680,Children who started breastfeeding within 1 hour of birth,66.8,1,GH,Ghana,2022,GH2022DHS,CN_BRFI_C_1HR,104266020,I,408021,1408096,Region,....Northeast,0,,0,1,CNBRFIC1HR,GHDHS2022408021,2022,DHS,116,379,,,1
GHA,Upper West,620189,Children who started breastfeeding within 1 hour of birth,61.2,1,GH,Ghana,2022,GH2022DHS,CN_BRFI_C_1HR,104266020,I,408010,1408100,Region,..Upper West,0,,0,1,CNBRFIC1HR,GHDHS2022408010,2022,DHS,109,256,,,1
GHA,Upper East,3530749,Children who started breastfeeding within 1 hour of birth,66.4,1,GH,Ghana,2022,GH2022DHS,CN_BRFI_C_1HR,104266020,I,408011,1408110,Region,..Upper East,0,,0,1,CNBRFIC1HR,GHDHS2022408011,2022,DHS,196,287,,,1
GHA,Western (pre 2022),7026801,Median duration of any breastfeeding,19.2,1,GH,Ghana,2022,GH2022DHS,CN_BFDR_C_MDA,104336010,I,408001,1408010,Region,Western (pre 2022),0,,0,1,CNBFDRCMDA,GHDHS2022408001,2022,DHS,,,,,
GHA,Western (post 2022),3538116,Median duration of any breastfeeding,19,1,GH,Ghana,2022,GH2022DHS,CN_BFDR_C_MDA,104336010,I,408012,1408012,Region,..Western (post 2022),0,,0,1,CNBFDRCMDA,GHDHS2022408012,2022,DHS,,,,,1
GHA,Western North,3538118,Median duration of any breastfeeding,19.8,1,GH,Ghana,2022,GH2022DHS,CN_BFDR_C_MDA,104336010,I,408013,1408013,Region,..Western North,0,,0,1,CNBFDRCMDA,GHDHS2022408013,2022,DHS,,,,,1
GHA,Central,3522565,Median duration of any breastfeeding,17.7,1,GH,Ghana,2022,GH2022DHS,CN_BFDR_C_MDA,104336010,I,408002,1408020,Region,Central,0,,0,1,CNBFDRCMDA,GHDHS2022408002,2022,DHS,,,,,1
GHA,Greater Accra,3515477,Median duration of any breastfeeding,17.7,1,GH,Ghana,2022,GH2022DHS,CN_BFDR_C_MDA,104336010,I,408003,1408030,Region,Greater Accra,0,,0,1,CNBFDRCMDA,GHDHS2022408003,2022,DHS,,,,,1
GHA,Volta (pre 2022),3515482,Median duration of any breastfeeding,21.3,1,GH,Ghana,2022,GH2022DHS,CN_BFDR_C_MDA,104336010,I,408004,1408040,Region,Volta (pre 2022),0,,0,1,CNBFDRCMDA,GHDHS2022408004,2022,DHS,,,,,
GHA,Volta (post 2022),1687576,Median duration of any breastfeeding,20.5,1,GH,Ghana,2022,GH2022DHS,CN_BFDR_C_MDA,104336010,I,408014,1408042,Region,..Volta (post 2022),0,,0,1,CNBFDRCMDA,GHDHS2022408014,2022,DHS,,,,,1
GHA,Oti,3531406,Median duration of any breastfeeding,22,1,GH,Ghana,2022,GH2022DHS,CN_BFDR_C_MDA,104336010,I,408015,1408043,Region,..Oti,0,,0,1,CNBFDRCMDA,GHDHS2022408015,2022,DHS,,,,,1
GHA,Eastern,3531369,Median duration of any breastfeeding,20,1,GH,Ghana,2022,GH2022DHS,CN_BFDR_C_MDA,104336010,I,408005,1408050,Region,Eastern,0,,0,1,CNBFDRCMDA,GHDHS2022408005,2022,DHS,,,,,1
GHA,Ashanti,3538140,Median duration of any breastfeeding,19.5,1,GH,Ghana,2022,GH2022DHS,CN_BFDR_C_MDA,104336010,I,408006,1408060,Region,Ashanti,0,,0,1,CNBFDRCMDA,GHDHS2022408006,2022,DHS,,,,,1
GHA,Brong-Ahafo,3531448,Median duration of any breastfeeding,20.9,1,GH,Ghana,2022,GH2022DHS,CN_BFDR_C_MDA,104336010,I,408007,1408070,Region,Brong-Ahafo,0,,0,1,CNBFDRCMDA,GHDHS2022408007,2022,DHS,,,,,
GHA,Ahafo,3522623,Median duration of any breastfeeding,20.5,1,GH,Ghana,2022,GH2022DHS,CN_BFDR_C_MDA,104336010,I,408016,1408072,Region,..Ahafo,0,,0,1,CNBFDRCMDA,GHDHS2022408016,2022,DHS,,,,,1
GHA,Bono,547644,Median duration of any breastfeeding,19.7,1,GH,Ghana,2022,GH2022DHS,CN_BFDR_C_MDA,104336010,I,408017,1408074,Region,..Bono,0,,0,1,CNBFDRCMDA,GHDHS2022408017,2022,DHS,,,,,1
GHA,Bono East,3522577,Median duration of any breastfeeding,21.8,1,GH,Ghana,2022,GH2022DHS,CN_BFDR_C_MDA,104336010,I,408018,1408076,Region,..Bono East,0,,0,1,CNBFDRCMDA,GHDHS2022408018,2022,DHS,,,,,1
GHA,"Northern, Upper West, Upper East",2218558,Median duration of any breastfeeding,23.2,1,GH,Ghana,2022,GH2022DHS,CN_BFDR_C_MDA,104336010,I,408008,1408080,Region,"Northern, Upper West, Upper East",0,,0,1,CNBFDRCMDA,GHDHS2022408008,2022,DHS,,,,,
GHA,Northern (pre 2022),3522613,Median duration of any breastfeeding,23.6,1,GH,Ghana,2022,GH2022DHS,CN_BFDR_C_MDA,104336010,I,408009,1408090,Region,..Northern (pre 2022),0,,0,1,CNBFDRCMDA,GHDHS2022408009,2022,DHS,,,,,
GHA,..Northern(post 2022),411667,Median duration of any breastfeeding,24.2,1,GH,Ghana,2022,GH2022DHS,CN_BFDR_C_MDA,104336010,I,408019,1408092,Region,....Northern(post 2022),0,,0,1,CNBFDRCMDA,GHDHS2022408019,2022,DHS,,,,,1
GHA,..Savannah,3531375,Median duration of any breastfeeding,22.5,1,GH,Ghana,2022,GH2022DHS,CN_BFDR_C_MDA,104336010,I,408020,1408094,Region,....Savannah,0,,0,1,CNBFDRCMDA,GHDHS2022408020,2022,DHS,,,,,1
GHA,..Northeast,3522564,Median duration of any breastfeeding,23.1,1,GH,Ghana,2022,GH2022DHS,CN_BFDR_C_MDA,104336010,I,408021,1408096,Region,....Northeast,0,,0,1,CNBFDRCMDA,GHDHS2022408021,2022,DHS,,,,,1
GHA,Upper West,618875,Median duration of any breastfeeding,23.4,1,GH,Ghana,2022,GH2022DHS,CN_BFDR_C_MDA,104336010,I,408010,1408100,Region,..Upper West,0,,0,1,CNBFDRCMDA,GHDHS2022408010,2022,DHS,,,,,1
GHA,Upper East,3538120,Median duration of any breastfeeding,22,1,GH,Ghana,2022,GH2022DHS,CN_BFDR_C_MDA,104336010,I,408011,1408110,Region,..Upper East,0,,0,1,CNBFDRCMDA,GHDHS2022408011,2022,DHS,,,,,1
GHA,Western (pre 2022),1523985,Breastfed children 6-23 months fed both 4+ food groups and the minimum meal frequency,26.5,1,GH,Ghana,2022,GH2022DHS,CN_IYCF_C_BTB,104436030,I,408001,1408010,Region,Western (pre 2022),0,,0,1,CNIYCFCBTB,GHDHS2022408001,2022,DHS,173,200,,,
GHA,Western (post 2022),2211163,Breastfed children 6-23 months fed both 4+ food groups and the minimum meal frequency,27.4,1,GH,Ghana,2022,GH2022DHS,CN_IYCF_C_BTB,104436030,I,408012,1408012,Region,..Western (post 2022),0,,0,1,CNIYCFCBTB,GHDHS2022408012,2022,DHS,117,99,,,1
GHA,Western North,6759351,Breastfed children 6-23 months fed both 4+ food groups and the minimum meal frequency,24.6,1,GH,Ghana,2022,GH2022DHS,CN_IYCF_C_BTB,104436030,I,408013,1408013,Region,..Western North,0,,0,1,CNIYCFCBTB,GHDHS2022408013,2022,DHS,55,101,,,1
GHA,Central,5413836,Breastfed children 6-23 months fed both 4+ food groups and the minimum meal frequency,35.6,1,GH,Ghana,2022,GH2022DHS,CN_IYCF_C_BTB,104436030,I,408002,1408020,Region,Central,0,,0,1,CNIYCFCBTB,GHDHS2022408002,2022,DHS,180,104,,,1
GHA,Greater Accra,4856395,Breastfed children 6-23 months fed both 4+ food groups and the minimum meal frequency,34.5,1,GH,Ghana,2022,GH2022DHS,CN_IYCF_C_BTB,104436030,I,408003,1408030,Region,Greater Accra,0,,0,1,CNIYCFCBTB,GHDHS2022408003,2022,DHS,192,79,,,1
GHA,Volta (pre 2022),6968997,Breastfed children 6-23 months fed both 4+ food groups and the minimum meal frequency,28.9,1,GH,Ghana,2022,GH2022DHS,CN_IYCF_C_BTB,104436030,I,408004,1408040,Region,Volta (pre 2022),0,,0,1,CNIYCFCBTB,GHDHS2022408004,2022,DHS,155,253,,,
GHA,Volta (post 2022),6674914,Breastfed children 6-23 months fed both 4+ food groups and the minimum meal frequency,30.8,1,GH,Ghana,2022,GH2022DHS,CN_IYCF_C_BTB,104436030,I,408014,1408042,Region,..Volta (post 2022),0,,0,1,CNIYCFCBTB,GHDHS2022408014,2022,DHS,84,98,,,1
GHA,Oti,4372189,Breastfed children 6-23 months fed both 4+ food groups and the minimum meal frequency,26.7,1,GH,Ghana,2022,GH2022DHS,CN_IYCF_C_BTB,104436030,I,408015,1408043,Region,..Oti,0,,0,1,CNIYCFCBTB,GHDHS2022408015,2022,DHS,72,155,,,1
GHA,Eastern,4201546,Breastfed children 6-23 months fed both 4+ food groups and the minimum meal frequency,24.7,1,GH,Ghana,2022,GH2022DHS,CN_IYCF_C_BTB,104436030,I,408005,1408050,Region,Eastern,0,,0,1,CNIYCFCBTB,GHDHS2022408005,2022,DHS,132,90,,,1
GHA,Ashanti,3663959,Breastfed children 6-23 months fed both 4+ food groups and the minimum meal frequency,26.3,1,GH,Ghana,2022,GH2022DHS,CN_IYCF_C_BTB,104436030,I,408006,1408060,Region,Ashanti,0,,0,1,CNIYCFCBTB,GHDHS2022408006,2022,DHS,342,137,,,1
GHA,Brong-Ahafo,4060808,Breastfed children 6-23 months fed both 4+ food groups and the minimum meal frequency,17.7,1,GH,Ghana,2022,GH2022DHS,CN_IYCF_C_BTB,104436030,I,408007,1408070,Region,Brong-Ahafo,0,,0,1,CNIYCFCBTB,GHDHS2022408007,2022,DHS,227,388,,,
GHA,Ahafo,6015486,Breastfed children 6-23 months fed both 4+ food groups and the minimum meal frequency,23.3,1,GH,Ghana,2022,GH2022DHS,CN_IYCF_C_BTB,104436030,I,408016,1408072,Region,..Ahafo,0,,0,1,CNIYCFCBTB,GHDHS2022408016,2022,DHS,46,121,,,1
GHA,Bono,545384,Breastfed children 6-23 months fed both 4+ food groups and the minimum meal frequency,24.3,1,GH,Ghana,2022,GH2022DHS,CN_IYCF_C_BTB,104436030,I,408017,1408074,Region,..Bono,0,,0,1,CNIYCFCBTB,GHDHS2022408017,2022,DHS,65,96,,,1
GHA,Bono East,7130163,Breastfed children 6-23 months fed both 4+ food groups and the minimum meal frequency,11.7,1,GH,Ghana,2022,GH2022DHS,CN_IYCF_C_BTB,104436030,I,408018,1408076,Region,..Bono East,0,,0,1,CNIYCFCBTB,GHDHS2022408018,2022,DHS,116,171,,,1
GHA,"Northern, Upper West, Upper East",1310991,Breastfed children 6-23 months fed both 4+ food groups and the minimum meal frequency,22.2,1,GH,Ghana,2022,GH2022DHS,CN_IYCF_C_BTB,104436030,I,408008,1408080,Region,"Northern, Upper West, Upper East",0,,0,1,CNIYCFCBTB,GHDHS2022408008,2022,DHS,600,1048,,,
GHA,Northern (pre 2022),2296698,Breastfed children 6-23 months fed both 4+ food groups and the minimum meal frequency,17.6,1,GH,Ghana,2022,GH2022DHS,CN_IYCF_C_BTB,104436030,I,408009,1408090,Region,..Northern (pre 2022),0,,0,1,CNIYCFCBTB,GHDHS2022408009,2022,DHS,411,705,,,
GHA,..Northern(post 2022),412766,Breastfed children 6-23 months fed both 4+ food groups and the minimum meal frequency,14.3,1,GH,Ghana,2022,GH2022DHS,CN_IYCF_C_BTB,104436030,I,408019,1408092,Region,....Northern(post 2022),0,,0,1,CNIYCFCBTB,GHDHS2022408019,2022,DHS,279,284,,,1
GHA,..Savannah,1655228,Breastfed children 6-23 months fed both 4+ food groups and the minimum meal frequency,11.7,1,GH,Ghana,2022,GH2022DHS,CN_IYCF_C_BTB,104436030,I,408020,1408094,Region,....Savannah,0,,0,1,CNIYCFCBTB,GHDHS2022408020,2022,DHS,63,191,,,1
GHA,..Northeast,5413839,Breastfed children 6-23 months fed both 4+ food groups and the minimum meal frequency,36.1,1,GH,Ghana,2022,GH2022DHS,CN_IYCF_C_BTB,104436030,I,408021,1408096,Region,....Northeast,0,,0,1,CNIYCFCBTB,GHDHS2022408021,2022,DHS,69,230,,,1
GHA,Upper West,586476,Breastfed children 6-23 months fed both 4+ food groups and the minimum meal frequency,27.8,1,GH,Ghana,2022,GH2022DHS,CN_IYCF_C_BTB,104436030,I,408010,1408100,Region,..Upper West,0,,0,1,CNIYCFCBTB,GHDHS2022408010,2022,DHS,73,170,,,1
GHA,Upper East,7301476,Breastfed children 6-23 months fed both 4+ food groups and the minimum meal frequency,35.3,1,GH,Ghana,2022,GH2022DHS,CN_IYCF_C_BTB,104436030,I,408011,1408110,Region,..Upper East,0,,0,1,CNIYCFCBTB,GHDHS2022408011,2022,DHS,116,173,,,1
GHA,Western (pre 2022),1210019,Non-breastfed children 6-23 months fed milk or milk products,26.9,1,GH,Ghana,2022,GH2022DHS,CN_IYCF_C_MKN,104436060,I,408001,1408010,Region,Western (pre 2022),0,,0,1,CNIYCFCMKN,GHDHS2022408001,2022,DHS,57,68,,,
GHA,Western (post 2022),4204948,Non-breastfed children 6-23 months fed milk or milk products,30.2,1,GH,Ghana,2022,GH2022DHS,CN_IYCF_C_MKN,104436060,I,408012,1408012,Region,..Western (post 2022),0,,0,1,CNIYCFCMKN,GHDHS2022408012,2022,DHS,40,35,,,1
GHA,Western North,6702136,Non-breastfed children 6-23 months fed milk or milk products,18.8,1,GH,Ghana,2022,GH2022DHS,CN_IYCF_C_MKN,104436060,I,408013,1408013,Region,..Western North,0,,0,1,CNIYCFCMKN,GHDHS2022408013,2022,DHS,16,33,,,1
GHA,Central,3522606,Non-breastfed children 6-23 months fed milk or milk products,17,1,GH,Ghana,2022,GH2022DHS,CN_IYCF_C_MKN,104436060,I,408002,1408020,Region,Central,0,,0,1,CNIYCFCMKN,GHDHS2022408002,2022,DHS,87,51,,,1
GHA,Greater Accra,6923619,Non-breastfed children 6-23 months fed milk or milk products,43.4,1,GH,Ghana,2022,GH2022DHS,CN_IYCF_C_MKN,104436060,I,408003,1408030,Region,Greater Accra,0,,0,1,CNIYCFCMKN,GHDHS2022408003,2022,DHS,97,41,,,1
GHA,Volta (pre 2022),3515501,Non-breastfed children 6-23 months fed milk or milk products,6,1,GH,Ghana,2022,GH2022DHS,CN_IYCF_C_MKN,104436060,I,408004,1408040,Region,Volta (pre 2022),0,,0,1,CNIYCFCMKN,GHDHS2022408004,2022,DHS,34,52,,,
GHA,Volta (post 2022),3538180,Non-breastfed children 6-23 months fed milk or milk products,3.8,1,GH,Ghana,2022,GH2022DHS,CN_IYCF_C_MKN,104436060,I,408014,1408042,Region,..Volta (post 2022),0,,0,1,CNIYCFCMKN,GHDHS2022408014,2022,DHS,24,29,,,1
GHA,Eastern,4260227,Non-breastfed children 6-23 months fed milk or milk products,31.3,1,GH,Ghana,2022,GH2022DHS,CN_IYCF_C_MKN,104436060,I,408005,1408050,Region,Eastern,0,,0,1,CNIYCFCMKN,GHDHS2022408005,2022,DHS,43,29,,,1
GHA,Ashanti,4321989,Non-breastfed children 6-23 months fed milk or milk products,29.9,1,GH,Ghana,2022,GH2022DHS,CN_IYCF_C_MKN,104436060,I,408006,1408060,Region,Ashanti,0,,0,1,CNIYCFCMKN,GHDHS2022408006,2022,DHS,134,50,,,1
GHA,Brong-Ahafo,1370525,Non-breastfed children 6-23 months fed milk or milk products,13.5,1,GH,Ghana,2022,GH2022DHS,CN_IYCF_C_MKN,104436060,I,408007,1408070,Region,Brong-Ahafo,0,,0,1,CNIYCFCMKN,GHDHS2022408007,2022,DHS,48,81,,,
GHA,Bono,532775,Non-breastfed children 6-23 months fed milk or milk products,7.8,1,GH,Ghana,2022,GH2022DHS,CN_IYCF_C_MKN,104436060,I,408017,1408074,Region,..Bono,0,,0,1,CNIYCFCMKN,GHDHS2022408017,2022,DHS,19,30,,,1
GHA,Bono East,7702959,Non-breastfed children 6-23 months fed milk or milk products,18,1,GH,Ghana,2022,GH2022DHS,CN_IYCF_C_MKN,104436060,I,408018,1408076,Region,..Bono East,0,,0,1,CNIYCFCMKN,GHDHS2022408018,2022,DHS,21,31,,,1
GHA,"Northern, Upper West, Upper East",1837396,Non-breastfed children 6-23 months fed milk or milk products,21.3,1,GH,Ghana,2022,GH2022DHS,CN_IYCF_C_MKN,104436060,I,408008,1408080,Region,"Northern, Upper West, Upper East",0,,0,1,CNIYCFCMKN,GHDHS2022408008,2022,DHS,61,115,,,
GHA,Northern (pre 2022),1335426,Non-breastfed children 6-23 months fed milk or milk products,18.7,1,GH,Ghana,2022,GH2022DHS,CN_IYCF_C_MKN,104436060,I,408009,1408090,Region,..Northern (pre 2022),0,,0,1,CNIYCFCMKN,GHDHS2022408009,2022,DHS,38,80,,,
GHA,..Northern(post 2022),412096,Non-breastfed children 6-23 months fed milk or milk products,24.7,1,GH,Ghana,2022,GH2022DHS,CN_IYCF_C_MKN,104436060,I,408019,1408092,Region,....Northern(post 2022),0,,0,1,CNIYCFCMKN,GHDHS2022408019,2022,DHS,22,26,,,1
GHA,..Savannah,1167657,Non-breastfed children 6-23 months fed milk or milk products,1.9,1,GH,Ghana,2022,GH2022DHS,CN_IYCF_C_MKN,104436060,I,408020,1408094,Region,....Savannah,0,,0,1,CNIYCFCMKN,GHDHS2022408020,2022,DHS,9,30,,,1
GHA,Western (pre 2022),1210018,Non-breastfed children 6-23 months with 3 IYCF practices,14.6,1,GH,Ghana,2022,GH2022DHS,CN_IYCF_C_3PN,104436090,I,408001,1408010,Region,Western (pre 2022),0,,0,1,CNIYCFC3PN,GHDHS2022408001,2022,DHS,57,68,,,
GHA,Western (post 2022),4204946,Non-breastfed children 6-23 months with 3 IYCF practices,18.2,1,GH,Ghana,2022,GH2022DHS,CN_IYCF_C_3PN,104436090,I,408012,1408012,Region,..Western (post 2022),0,,0,1,CNIYCFC3PN,GHDHS2022408012,2022,DHS,40,35,,,1
GHA,Western North,6702134,Non-breastfed children 6-23 months with 3 IYCF practices,5.6,1,GH,Ghana,2022,GH2022DHS,CN_IYCF_C_3PN,104436090,I,408013,1408013,Region,..Western North,0,,0,1,CNIYCFC3PN,GHDHS2022408013,2022,DHS,16,33,,,1
GHA,Central,3522599,Non-breastfed children 6-23 months with 3 IYCF practices,9.7,1,GH,Ghana,2022,GH2022DHS,CN_IYCF_C_3PN,104436090,I,408002,1408020,Region,Central,0,,0,1,CNIYCFC3PN,GHDHS2022408002,2022,DHS,87,51,,,1
GHA,Greater Accra,6923597,Non-breastfed children 6-23 months with 3 IYCF practices,21.2,1,GH,Ghana,2022,GH2022DHS,CN_IYCF_C_3PN,104436090,I,408003,1408030,Region,Greater Accra,0,,0,1,CNIYCFC3PN,GHDHS2022408003,2022,DHS,97,41,,,1
GHA,Volta (pre 2022),3515500,Non-breastfed children 6-23 months with 3 IYCF practices,0.9,1,GH,Ghana,2022,GH2022DHS,CN_IYCF_C_3PN,104436090,I,408004,1408040,Region,Volta (pre 2022),0,,0,1,CNIYCFC3PN,GHDHS2022408004,2022,DHS,34,52,,,
GHA,Volta (post 2022),3538153,Non-breastfed children 6-23 months with 3 IYCF practices,0,1,GH,Ghana,2022,GH2022DHS,CN_IYCF_C_3PN,104436090,I,408014,1408042,Region,..Volta (post 2022),0,,0,1,CNIYCFC3PN,GHDHS2022408014,2022,DHS,24,29,,,1
GHA,Eastern,4260225,Non-breastfed children 6-23 months with 3 IYCF practices,21.7,1,GH,Ghana,2022,GH2022DHS,CN_IYCF_C_3PN,104436090,I,408005,1408050,Region,Eastern,0,,0,1,CNIYCFC3PN,GHDHS2022408005,2022,DHS,43,29,,,1
GHA,Ashanti,4321988,Non-breastfed children 6-23 months with 3 IYCF practices,20.5,1,GH,Ghana,2022,GH2022DHS,CN_IYCF_C_3PN,104436090,I,408006,1408060,Region,Ashanti,0,,0,1,CNIYCFC3PN,GHDHS2022408006,2022,DHS,134,50,,,1
GHA,Brong-Ahafo,1370524,Non-breastfed children 6-23 months with 3 IYCF practices,2.7,1,GH,Ghana,2022,GH2022DHS,CN_IYCF_C_3PN,104436090,I,408007,1408070,Region,Brong-Ahafo,0,,0,1,CNIYCFC3PN,GHDHS2022408007,2022,DHS,48,81,,,
GHA,Bono,532768,Non-breastfed children 6-23 months with 3 IYCF practices,0,1,GH,Ghana,2022,GH2022DHS,CN_IYCF_C_3PN,104436090,I,408017,1408074,Region,..Bono,0,,0,1,CNIYCFC3PN,GHDHS2022408017,2022,DHS,19,30,,,1
GHA,Bono East,7702961,Non-breastfed children 6-23 months with 3 IYCF practices,4.4,1,GH,Ghana,2022,GH2022DHS,CN_IYCF_C_3PN,104436090,I,408018,1408076,Region,..Bono East,0,,0,1,CNIYCFC3PN,GHDHS2022408018,2022,DHS,21,31,,,1
GHA,"Northern, Upper West, Upper East",1837395,Non-breastfed children 6-23 months with 3 IYCF practices,13.1,1,GH,Ghana,2022,GH2022DHS,CN_IYCF_C_3PN,104436090,I,408008,1408080,Region,"Northern, Upper West, Upper East",0,,0,1,CNIYCFC3PN,GHDHS2022408008,2022,DHS,61,115,,,
GHA,Northern (pre 2022),1335425,Non-breastfed children 6-23 months with 3 IYCF practices,9,1,GH,Ghana,2022,GH2022DHS,CN_IYCF_C_3PN,104436090,I,408009,1408090,Region,..Northern (pre 2022),0,,0,1,CNIYCFC3PN,GHDHS2022408009,2022,DHS,38,80,,,
GHA,..Northern(post 2022),412094,Non-breastfed children 6-23 months with 3 IYCF practices,9.1,1,GH,Ghana,2022,GH2022DHS,CN_IYCF_C_3PN,104436090,I,408019,1408092,Region,....Northern(post 2022),0,,0,1,CNIYCFC3PN,GHDHS2022408019,2022,DHS,22,26,,,1
GHA,..Savannah,1167660,Non-breastfed children 6-23 months with 3 IYCF practices,1.9,1,GH,Ghana,2022,GH2022DHS,CN_IYCF_C_3PN,104436090,I,408020,1408094,Region,....Savannah,0,,0,1,CNIYCFC3PN,GHDHS2022408020,2022,DHS,9,30,,,1
GHA,Western (pre 2022),7596785,Children 6-23 months fed 5+ food groups,42.2,1,GH,Ghana,2022,GH2022DHS,CN_IYCF_C_4FA,104436130,I,408001,1408010,Region,Western (pre 2022),0,,0,1,CNIYCFC4FA,GHDHS2022408001,2022,DHS,229,268,,,
GHA,Western (post 2022),5958456,Children 6-23 months fed 5+ food groups,44.7,1,GH,Ghana,2022,GH2022DHS,CN_IYCF_C_4FA,104436130,I,408012,1408012,Region,..Western (post 2022),0,,0,1,CNIYCFC4FA,GHDHS2022408012,2022,DHS,157,134,,,1
GHA,Western North,1821156,Children 6-23 months fed 5+ food groups,36.5,1,GH,Ghana,2022,GH2022DHS,CN_IYCF_C_4FA,104436130,I,408013,1408013,Region,..Western North,0,,0,1,CNIYCFC4FA,GHDHS2022408013,2022,DHS,72,134,,,1
GHA,Central,3522603,Children 6-23 months fed 5+ food groups,46.1,1,GH,Ghana,2022,GH2022DHS,CN_IYCF_C_4FA,104436130,I,408002,1408020,Region,Central,0,,0,1,CNIYCFC4FA,GHDHS2022408002,2022,DHS,268,155,,,1
GHA,Greater Accra,6391648,Children 6-23 months fed 5+ food groups,44.7,1,GH,Ghana,2022,GH2022DHS,CN_IYCF_C_4FA,104436130,I,408003,1408030,Region,Greater Accra,0,,0,1,CNIYCFC4FA,GHDHS2022408003,2022,DHS,289,120,,,1
GHA,Volta (pre 2022),3902751,Children 6-23 months fed 5+ food groups,40.2,1,GH,Ghana,2022,GH2022DHS,CN_IYCF_C_4FA,104436130,I,408004,1408040,Region,Volta (pre 2022),0,,0,1,CNIYCFC4FA,GHDHS2022408004,2022,DHS,190,305,,,
GHA,Volta (post 2022),3538156,Children 6-23 months fed 5+ food groups,40.1,1,GH,Ghana,2022,GH2022DHS,CN_IYCF_C_4FA,104436130,I,408014,1408042,Region,..Volta (post 2022),0,,0,1,CNIYCFC4FA,GHDHS2022408014,2022,DHS,107,127,,,1
GHA,Oti,1164642,Children 6-23 months fed 5+ food groups,40.2,1,GH,Ghana,2022,GH2022DHS,CN_IYCF_C_4FA,104436130,I,408015,1408043,Region,..Oti,0,,0,1,CNIYCFC4FA,GHDHS2022408015,2022,DHS,82,178,,,1
GHA,Eastern,5693144,Children 6-23 months fed 5+ food groups,32,1,GH,Ghana,2022,GH2022DHS,CN_IYCF_C_4FA,104436130,I,408005,1408050,Region,Eastern,0,,0,1,CNIYCFC4FA,GHDHS2022408005,2022,DHS,175,119,,,1
GHA,Ashanti,7574288,Children 6-23 months fed 5+ food groups,42.7,1,GH,Ghana,2022,GH2022DHS,CN_IYCF_C_4FA,104436130,I,408006,1408060,Region,Ashanti,0,,0,1,CNIYCFC4FA,GHDHS2022408006,2022,DHS,476,187,,,1
GHA,Brong-Ahafo,3829766,Children 6-23 months fed 5+ food groups,36.7,1,GH,Ghana,2022,GH2022DHS,CN_IYCF_C_4FA,104436130,I,408007,1408070,Region,Brong-Ahafo,0,,0,1,CNIYCFC4FA,GHDHS2022408007,2022,DHS,276,469,,,
GHA,Ahafo,6904339,Children 6-23 months fed 5+ food groups,44.7,1,GH,Ghana,2022,GH2022DHS,CN_IYCF_C_4FA,104436130,I,408016,1408072,Region,..Ahafo,0,,0,1,CNIYCFC4FA,GHDHS2022408016,2022,DHS,54,141,,,1
GHA,Bono,548850,Children 6-23 months fed 5+ food groups,38.8,1,GH,Ghana,2022,GH2022DHS,CN_IYCF_C_4FA,104436130,I,408017,1408074,Region,..Bono,0,,0,1,CNIYCFC4FA,GHDHS2022408017,2022,DHS,85,126,,,1
GHA,Bono East,7614805,Children 6-23 months fed 5+ food groups,32.2,1,GH,Ghana,2022,GH2022DHS,CN_IYCF_C_4FA,104436130,I,408018,1408076,Region,..Bono East,0,,0,1,CNIYCFC4FA,GHDHS2022408018,2022,DHS,137,202,,,1
GHA,"Northern, Upper West, Upper East",1232091,Children 6-23 months fed 5+ food groups,41.8,1,GH,Ghana,2022,GH2022DHS,CN_IYCF_C_4FA,104436130,I,408008,1408080,Region,"Northern, Upper West, Upper East",0,,0,1,CNIYCFC4FA,GHDHS2022408008,2022,DHS,661,1163,,,
GHA,Northern (pre 2022),3522618,Children 6-23 months fed 5+ food groups,38.5,1,GH,Ghana,2022,GH2022DHS,CN_IYCF_C_4FA,104436130,I,408009,1408090,Region,..Northern (pre 2022),0,,0,1,CNIYCFC4FA,GHDHS2022408009,2022,DHS,449,785,,,
GHA,..Northern(post 2022),410018,Children 6-23 months fed 5+ food groups,40.2,1,GH,Ghana,2022,GH2022DHS,CN_IYCF_C_4FA,104436130,I,408019,1408092,Region,....Northern(post 2022),0,,0,1,CNIYCFC4FA,GHDHS2022408019,2022,DHS,302,310,,,1
GHA,..Savannah,7607105,Children 6-23 months fed 5+ food groups,17.5,1,GH,Ghana,2022,GH2022DHS,CN_IYCF_C_4FA,104436130,I,408020,1408094,Region,....Savannah,0,,0,1,CNIYCFC4FA,GHDHS2022408020,2022,DHS,72,221,,,1
GHA,..Northeast,3522609,Children 6-23 months fed 5+ food groups,51.4,1,GH,Ghana,2022,GH2022DHS,CN_IYCF_C_4FA,104436130,I,408021,1408096,Region,....Northeast,0,,0,1,CNIYCFC4FA,GHDHS2022408021,2022,DHS,76,254,,,1
GHA,Upper West,586207,Children 6-23 months fed 5+ food groups,36.8,1,GH,Ghana,2022,GH2022DHS,CN_IYCF_C_4FA,104436130,I,408010,1408100,Region,..Upper West,0,,0,1,CNIYCFC4FA,GHDHS2022408010,2022,DHS,79,184,,,1
GHA,Upper East,5882181,Children 6-23 months fed 5+ food groups,55.8,1,GH,Ghana,2022,GH2022DHS,CN_IYCF_C_4FA,104436130,I,408011,1408110,Region,..Upper East,0,,0,1,CNIYCFC4FA,GHDHS2022408011,2022,DHS,133,194,,,1
GHA,Western (pre 2022),7596786,Children 6-23 months fed the minimum meal frequency,51.4,1,GH,Ghana,2022,GH2022DHS,CN_IYCF_C_MNA,104436140,I,408001,1408010,Region,Western (pre 2022),0,,0,1,CNIYCFCMNA,GHDHS2022408001,2022,DHS,229,268,,,
GHA,Western (post 2022),5958457,Children 6-23 months fed the minimum meal frequency,50.9,1,GH,Ghana,2022,GH2022DHS,CN_IYCF_C_MNA,104436140,I,408012,1408012,Region,..Western (post 2022),0,,0,1,CNIYCFCMNA,GHDHS2022408012,2022,DHS,157,134,,,1
GHA,Western North,1821157,Children 6-23 months fed the minimum meal frequency,52.5,1,GH,Ghana,2022,GH2022DHS,CN_IYCF_C_MNA,104436140,I,408013,1408013,Region,..Western North,0,,0,1,CNIYCFCMNA,GHDHS2022408013,2022,DHS,72,134,,,1
GHA,Central,3522604,Children 6-23 months fed the minimum meal frequency,68.9,1,GH,Ghana,2022,GH2022DHS,CN_IYCF_C_MNA,104436140,I,408002,1408020,Region,Central,0,,0,1,CNIYCFCMNA,GHDHS2022408002,2022,DHS,268,155,,,1
GHA,Greater Accra,6391649,Children 6-23 months fed the minimum meal frequency,58.9,1,GH,Ghana,2022,GH2022DHS,CN_IYCF_C_MNA,104436140,I,408003,1408030,Region,Greater Accra,0,,0,1,CNIYCFCMNA,GHDHS2022408003,2022,DHS,289,120,,,1
GHA,Volta (pre 2022),3902752,Children 6-23 months fed the minimum meal frequency,44,1,GH,Ghana,2022,GH2022DHS,CN_IYCF_C_MNA,104436140,I,408004,1408040,Region,Volta (pre 2022),0,,0,1,CNIYCFCMNA,GHDHS2022408004,2022,DHS,190,305,,,
GHA,Volta (post 2022),3538164,Children 6-23 months fed the minimum meal frequency,46.1,1,GH,Ghana,2022,GH2022DHS,CN_IYCF_C_MNA,104436140,I,408014,1408042,Region,..Volta (post 2022),0,,0,1,CNIYCFCMNA,GHDHS2022408014,2022,DHS,107,127,,,1
GHA,Oti,1164643,Children 6-23 months fed the minimum meal frequency,41.2,1,GH,Ghana,2022,GH2022DHS,CN_IYCF_C_MNA,104436140,I,408015,1408043,Region,..Oti,0,,0,1,CNIYCFCMNA,GHDHS2022408015,2022,DHS,82,178,,,1
GHA,Eastern,5693145,Children 6-23 months fed the minimum meal frequency,48.4,1,GH,Ghana,2022,GH2022DHS,CN_IYCF_C_MNA,104436140,I,408005,1408050,Region,Eastern,0,,0,1,CNIYCFCMNA,GHDHS2022408005,2022,DHS,175,119,,,1
GHA,Ashanti,7574289,Children 6-23 months fed the minimum meal frequency,56.1,1,GH,Ghana,2022,GH2022DHS,CN_IYCF_C_MNA,104436140,I,408006,1408060,Region,Ashanti,0,,0,1,CNIYCFCMNA,GHDHS2022408006,2022,DHS,476,187,,,1
GHA,Brong-Ahafo,3829767,Children 6-23 months fed the minimum meal frequency,32.6,1,GH,Ghana,2022,GH2022DHS,CN_IYCF_C_MNA,104436140,I,408007,1408070,Region,Brong-Ahafo,0,,0,1,CNIYCFCMNA,GHDHS2022408007,2022,DHS,276,469,,,
GHA,Ahafo,6904340,Children 6-23 months fed the minimum meal frequency,40,1,GH,Ghana,2022,GH2022DHS,CN_IYCF_C_MNA,104436140,I,408016,1408072,Region,..Ahafo,0,,0,1,CNIYCFCMNA,GHDHS2022408016,2022,DHS,54,141,,,1
GHA,Bono,548851,Children 6-23 months fed the minimum meal frequency,49.5,1,GH,Ghana,2022,GH2022DHS,CN_IYCF_C_MNA,104436140,I,408017,1408074,Region,..Bono,0,,0,1,CNIYCFCMNA,GHDHS2022408017,2022,DHS,85,126,,,1
GHA,Bono East,7614874,Children 6-23 months fed the minimum meal frequency,19.2,1,GH,Ghana,2022,GH2022DHS,CN_IYCF_C_MNA,104436140,I,408018,1408076,Region,..Bono East,0,,0,1,CNIYCFCMNA,GHDHS2022408018,2022,DHS,137,202,,,1
GHA,"Northern, Upper West, Upper East",1362364,Children 6-23 months fed the minimum meal frequency,39.3,1,GH,Ghana,2022,GH2022DHS,CN_IYCF_C_MNA,104436140,I,408008,1408080,Region,"Northern, Upper West, Upper East",0,,0,1,CNIYCFCMNA,GHDHS2022408008,2022,DHS,661,1163,,,
GHA,Northern (pre 2022),3522619,Children 6-23 months fed the minimum meal frequency,34.7,1,GH,Ghana,2022,GH2022DHS,CN_IYCF_C_MNA,104436140,I,408009,1408090,Region,..Northern (pre 2022),0,,0,1,CNIYCFCMNA,GHDHS2022408009,2022,DHS,449,785,,,
GHA,..Northern(post 2022),410019,Children 6-23 months fed the minimum meal frequency,30,1,GH,Ghana,2022,GH2022DHS,CN_IYCF_C_MNA,104436140,I,408019,1408092,Region,....Northern(post 2022),0,,0,1,CNIYCFCMNA,GHDHS2022408019,2022,DHS,302,310,,,1
GHA,..Savannah,7607106,Children 6-23 months fed the minimum meal frequency,44.3,1,GH,Ghana,2022,GH2022DHS,CN_IYCF_C_MNA,104436140,I,408020,1408094,Region,....Savannah,0,,0,1,CNIYCFCMNA,GHDHS2022408020,2022,DHS,72,221,,,1
GHA,..Northeast,3522610,Children 6-23 months fed the minimum meal frequency,44.3,1,GH,Ghana,2022,GH2022DHS,CN_IYCF_C_MNA,104436140,I,408021,1408096,Region,....Northeast,0,,0,1,CNIYCFCMNA,GHDHS2022408021,2022,DHS,76,254,,,1
GHA,Upper West,586208,Children 6-23 months fed the minimum meal frequency,49,1,GH,Ghana,2022,GH2022DHS,CN_IYCF_C_MNA,104436140,I,408010,1408100,Region,..Upper West,0,,0,1,CNIYCFCMNA,GHDHS2022408010,2022,DHS,79,184,,,1
GHA,Upper East,5882186,Children 6-23 months fed the minimum meal frequency,48.8,1,GH,Ghana,2022,GH2022DHS,CN_IYCF_C_MNA,104436140,I,408011,1408110,Region,..Upper East,0,,0,1,CNIYCFCMNA,GHDHS2022408011,2022,DHS,133,194,,,1
GHA,Western (pre 2022),7596787,Children 6-23 months with 3 IYCF practices,23.5,1,GH,Ghana,2022,GH2022DHS,CN_IYCF_C_3PA,104436150,I,408001,1408010,Region,Western (pre 2022),0,,0,1,CNIYCFC3PA,GHDHS2022408001,2022,DHS,229,268,,,
GHA,Western (post 2022),5958458,Children 6-23 months with 3 IYCF practices,25,1,GH,Ghana,2022,GH2022DHS,CN_IYCF_C_3PA,104436150,I,408012,1408012,Region,..Western (post 2022),0,,0,1,CNIYCFC3PA,GHDHS2022408012,2022,DHS,157,134,,,1
GHA,Western North,1821158,Children 6-23 months with 3 IYCF practices,20.3,1,GH,Ghana,2022,GH2022DHS,CN_IYCF_C_3PA,104436150,I,408013,1408013,Region,..Western North,0,,0,1,CNIYCFC3PA,GHDHS2022408013,2022,DHS,72,134,,,1
GHA,Central,3522605,Children 6-23 months with 3 IYCF practices,27.2,1,GH,Ghana,2022,GH2022DHS,CN_IYCF_C_3PA,104436150,I,408002,1408020,Region,Central,0,,0,1,CNIYCFC3PA,GHDHS2022408002,2022,DHS,268,155,,,1
GHA,Greater Accra,6391655,Children 6-23 months with 3 IYCF practices,30,1,GH,Ghana,2022,GH2022DHS,CN_IYCF_C_3PA,104436150,I,408003,1408030,Region,Greater Accra,0,,0,1,CNIYCFC3PA,GHDHS2022408003,2022,DHS,289,120,,,1
GHA,Volta (pre 2022),3902818,Children 6-23 months with 3 IYCF practices,23.8,1,GH,Ghana,2022,GH2022DHS,CN_IYCF_C_3PA,104436150,I,408004,1408040,Region,Volta (pre 2022),0,,0,1,CNIYCFC3PA,GHDHS2022408004,2022,DHS,190,305,,,
GHA,Volta (post 2022),3538168,Children 6-23 months with 3 IYCF practices,24,1,GH,Ghana,2022,GH2022DHS,CN_IYCF_C_3PA,104436150,I,408014,1408042,Region,..Volta (post 2022),0,,0,1,CNIYCFC3PA,GHDHS2022408014,2022,DHS,107,127,,,1
GHA,Oti,1164644,Children 6-23 months with 3 IYCF practices,23.7,1,GH,Ghana,2022,GH2022DHS,CN_IYCF_C_3PA,104436150,I,408015,1408043,Region,..Oti,0,,0,1,CNIYCFC3PA,GHDHS2022408015,2022,DHS,82,178,,,1
GHA,Eastern,5693146,Children 6-23 months with 3 IYCF practices,24,1,GH,Ghana,2022,GH2022DHS,CN_IYCF_C_3PA,104436150,I,408005,1408050,Region,Eastern,0,,0,1,CNIYCFC3PA,GHDHS2022408005,2022,DHS,175,119,,,1
GHA,Ashanti,7574290,Children 6-23 months with 3 IYCF practices,24.6,1,GH,Ghana,2022,GH2022DHS,CN_IYCF_C_3PA,104436150,I,408006,1408060,Region,Ashanti,0,,0,1,CNIYCFC3PA,GHDHS2022408006,2022,DHS,476,187,,,1
GHA,Brong-Ahafo,3829087,Children 6-23 months with 3 IYCF practices,15.1,1,GH,Ghana,2022,GH2022DHS,CN_IYCF_C_3PA,104436150,I,408007,1408070,Region,Brong-Ahafo,0,,0,1,CNIYCFC3PA,GHDHS2022408007,2022,DHS,276,469,,,
GHA,Ahafo,6904341,Children 6-23 months with 3 IYCF practices,20.8,1,GH,Ghana,2022,GH2022DHS,CN_IYCF_C_3PA,104436150,I,408016,1408072,Region,..Ahafo,0,,0,1,CNIYCFC3PA,GHDHS2022408016,2022,DHS,54,141,,,1
GHA,Bono,548852,Children 6-23 months with 3 IYCF practices,18.8,1,GH,Ghana,2022,GH2022DHS,CN_IYCF_C_3PA,104436150,I,408017,1408074,Region,..Bono,0,,0,1,CNIYCFC3PA,GHDHS2022408017,2022,DHS,85,126,,,1
GHA,Bono East,7614875,Children 6-23 months with 3 IYCF practices,10.6,1,GH,Ghana,2022,GH2022DHS,CN_IYCF_C_3PA,104436150,I,408018,1408076,Region,..Bono East,0,,0,1,CNIYCFC3PA,GHDHS2022408018,2022,DHS,137,202,,,1
GHA,"Northern, Upper West, Upper East",1362378,Children 6-23 months with 3 IYCF practices,21.4,1,GH,Ghana,2022,GH2022DHS,CN_IYCF_C_3PA,104436150,I,408008,1408080,Region,"Northern, Upper West, Upper East",0,,0,1,CNIYCFC3PA,GHDHS2022408008,2022,DHS,661,1163,,,
GHA,Northern (pre 2022),3522620,Children 6-23 months with 3 IYCF practices,16.8,1,GH,Ghana,2022,GH2022DHS,CN_IYCF_C_3PA,104436150,I,408009,1408090,Region,..Northern (pre 2022),0,,0,1,CNIYCFC3PA,GHDHS2022408009,2022,DHS,449,785,,,
GHA,..Northern(post 2022),410020,Children 6-23 months with 3 IYCF practices,13.9,1,GH,Ghana,2022,GH2022DHS,CN_IYCF_C_3PA,104436150,I,408019,1408092,Region,....Northern(post 2022),0,,0,1,CNIYCFC3PA,GHDHS2022408019,2022,DHS,302,310,,,1
GHA,..Savannah,7607110,Children 6-23 months with 3 IYCF practices,10.5,1,GH,Ghana,2022,GH2022DHS,CN_IYCF_C_3PA,104436150,I,408020,1408094,Region,....Savannah,0,,0,1,CNIYCFC3PA,GHDHS2022408020,2022,DHS,72,221,,,1
GHA,..Northeast,3522611,Children 6-23 months with 3 IYCF practices,34.5,1,GH,Ghana,2022,GH2022DHS,CN_IYCF_C_3PA,104436150,I,408021,1408096,Region,....Northeast,0,,0,1,CNIYCFC3PA,GHDHS2022408021,2022,DHS,76,254,,,1
GHA,Upper West,586209,Children 6-23 months with 3 IYCF practices,26.3,1,GH,Ghana,2022,GH2022DHS,CN_IYCF_C_3PA,104436150,I,408010,1408100,Region,..Upper West,0,,0,1,CNIYCFC3PA,GHDHS2022408010,2022,DHS,79,184,,,1
GHA,Upper East,5882190,Children 6-23 months with 3 IYCF practices,33.9,1,GH,Ghana,2022,GH2022DHS,CN_IYCF_C_3PA,104436150,I,408011,1408110,Region,..Upper East,0,,0,1,CNIYCFC3PA,GHDHS2022408011,2022,DHS,133,194,,,1
